,id,f1_score,precision,recall,accuracy,binary_cross_entropy,seed,circuit,learning_rate,loss_history,val_loss_history,val_f1s,scaler
0,0,0.7193378480060195,0.6799431009957326,0.7635782747603834,0.69376026272578,0.6305332183837891,1,Ranga2024Circuit,0.01,"[0.6914023258968404, 0.660341840433447, 0.646426827499741, 0.6390506817322028, 0.6356524666281123, 0.6337975877288141, 0.6326487625115796, 0.6321325141348337, 0.6318742605416399, 0.6316518049295011, 0.6318786925587215, 0.6316888178453633, 0.6318520498707106, 0.6316737581632639, 0.6319180795628774, 0.63163966077723]","[0.6702669262886047, 0.6504126787185669, 0.6404515504837036, 0.6354196667671204, 0.6327926516532898, 0.6315760612487793, 0.6311954855918884, 0.6308823823928833, 0.6308138370513916, 0.6309220194816589, 0.6309952735900879, 0.6307473182678223, 0.6303708553314209, 0.6303108930587769, 0.6308594942092896, 0.6302552819252014]","[0.7289198606271777, 0.7304964539007093, 0.7258064516129032, 0.7258181818181818, 0.7234988880652335, 0.7174887892376681, 0.7089381207028266, 0.7070552147239264, 0.7097767513471901, 0.7064291247095275, 0.7064291247095275, 0.7073359073359073, 0.7098248286367098, 0.7122247532270312, 0.7064291247095275, 0.7180254300673149]",MinMaxScaler
1,1,0.743893928820656,0.6604708798017348,0.8514376996805112,0.6986863711001642,0.6564705967903137,1,Ranga2024Circuit,0.001,"[0.7414130529290751, 0.7162491987018209, 0.7032986675438128, 0.6956875837947193, 0.690340897754619, 0.6860361622744485, 0.6821758576521748, 0.6786861535357801, 0.6755489173688387, 0.6725313408594382, 0.6698525148002725, 0.6672202958480308, 0.6649127018294836, 0.6626529997508777, 0.6606684084001341, 0.6587021456737268]","[0.7262354493141174, 0.7087317705154419, 0.6990029215812683, 0.6926577091217041, 0.6878138184547424, 0.6836039423942566, 0.6798508167266846, 0.6764399409294128, 0.6733129024505615, 0.6703922152519226, 0.6676566004753113, 0.6651172637939453, 0.6627358198165894, 0.6605777144432068, 0.6585385799407959, 0.6566405892372131]","[0.6793066088840737, 0.6793066088840737, 0.6793066088840737, 0.6793066088840737, 0.6800433839479393, 0.6840066408411732, 0.708994708994709, 0.721030042918455, 0.7311827956989247, 0.7402088772845953, 0.7373333333333333, 0.7338325391422736, 0.7313738892686261, 0.7313019390581718, 0.7289198606271777, 0.7303370786516854]",MinMaxScaler
2,2,0.7676113360323886,0.7783251231527094,0.7571884984025559,0.764367816091954,0.5378605127334595,1,Senokosov2024Circuit,0.01,"[0.6834787334266462, 0.6524414312290517, 0.6301277681793037, 0.6112282184001646, 0.5960361586981698, 0.5831077310599779, 0.571931873595244, 0.562717671261022, 0.5550512409719982, 0.5482632009998748, 0.5425681521821963, 0.5372130559071114, 0.5329624974217854, 0.5290298697195555, 0.5254332972200293, 0.522556783631444]","[0.6672486066818237, 0.6451585292816162, 0.6264998912811279, 0.6114519238471985, 0.5985496044158936, 0.5880228877067566, 0.5791749358177185, 0.5716810822486877, 0.5654612183570862, 0.5601637959480286, 0.5555455088615417, 0.5517373085021973, 0.5486167073249817, 0.5454642176628113, 0.5426992774009705, 0.5412746071815491]","[0.5501551189245087, 0.6963350785340314, 0.7489845653939886, 0.7717908082408875, 0.7361455748552522, 0.7111111111111111, 0.7212837837837838, 0.7218934911242604, 0.7100085543199316, 0.7105038428693424, 0.7293921731890092, 0.7106164383561644, 0.7578439259855189, 0.7520259319286872, 0.7417763157894737, 0.7704527402700556]",MinMaxScaler
3,3,0.7111501316944688,0.7894736842105263,0.646964856230032,0.7298850574712644,0.6499928832054138,1,Senokosov2024Circuit,0.001,"[0.747941004014329, 0.7088381959811637, 0.6907938395283724, 0.6829930006673461, 0.6790655104345397, 0.6761639494644968, 0.6733350626340038, 0.6705336833470746, 0.6677417764930349, 0.6648097238258311, 0.6619598285148018, 0.6590323061927369, 0.6561995242771349, 0.6533215892942328, 0.650488064869454, 0.6478099360277778]","[0.7237253189086914, 0.6978234052658081, 0.6866750121116638, 0.6817888021469116, 0.6788955926895142, 0.6763626337051392, 0.6738329529762268, 0.6712554097175598, 0.6686611771583557, 0.6660369634628296, 0.6634008884429932, 0.6607720255851746, 0.6581459641456604, 0.6555799245834351, 0.6530570387840271, 0.6505619287490845]","[0.6793066088840737, 0.6793066088840737, 0.6793066088840737, 0.6793066088840737, 0.7253765932792584, 0.8253521126760563, 0.7632, 0.7301587301587301, 0.7315045719035744, 0.7106164383561644, 0.7067927773000859, 0.6900790166812993, 0.7301587301587301, 0.7034482758620689, 0.7079037800687286, 0.7127024722932651]",MinMaxScaler
4,4,0.6862745098039216,0.7023411371237458,0.670926517571885,0.6847290640394089,0.6438663601875305,1,Anusha2024Circuit,0.01,"[0.6841570809483528, 0.6475279982152738, 0.6397759383054156, 0.6375763265317992, 0.6373815710999464, 0.6371645977426517, 0.636796890610927, 0.6369613893330097, 0.6371530969872287, 0.6371336997927803, 0.6372974263994318, 0.6368930954486132, 0.6372103341119854, 0.6370461038068721, 0.6369894501802168, 0.6373057937935779]","[0.661899745464325, 0.6508845090866089, 0.649615466594696, 0.6505053639411926, 0.6499707102775574, 0.6502244472503662, 0.6501188278198242, 0.6502419114112854, 0.6502898931503296, 0.6501956582069397, 0.6502173542976379, 0.6502345204353333, 0.6508413553237915, 0.6505547761917114, 0.6503066420555115, 0.6512107849121094]","[0.6795180722891566, 0.6467165419783873, 0.6567901234567901, 0.6720516962843296, 0.6427378964941569, 0.6467165419783873, 0.6202749140893471, 0.6202749140893471, 0.6209262435677531, 0.6074847693646649, 0.6245733788395904, 0.6086956521739131, 0.6562242374278648, 0.6467165419783873, 0.6203941730934018, 0.6584564860426929]",MinMaxScaler
5,5,0.6919967663702506,0.7004909983633388,0.6837060702875399,0.687192118226601,0.6493683457374573,1,Anusha2024Circuit,0.001,"[0.7418333768452469, 0.7175255259008784, 0.7028146844945455, 0.6923863899550939, 0.684325438384947, 0.6777469758924685, 0.6720025743308821, 0.6671955812918512, 0.6631437759650382, 0.6594548456762966, 0.6564629595530661, 0.6536263588227724, 0.6514387750311902, 0.6493169579066729, 0.6476259080595091, 0.6463425771186226]","[0.7260528802871704, 0.7085686326026917, 0.6972416043281555, 0.6889721751213074, 0.6824913620948792, 0.677116334438324, 0.6725594997406006, 0.6687321066856384, 0.6655556559562683, 0.6628302931785583, 0.6604952216148376, 0.6585364937782288, 0.6569152474403381, 0.6555049419403076, 0.6543557643890381, 0.653414785861969]","[0.6793066088840737, 0.6793066088840737, 0.6793066088840737, 0.6793066088840737, 0.6793066088840737, 0.6833056017748197, 0.7360406091370558, 0.7439613526570048, 0.7378223495702005, 0.7168674698795181, 0.7076923076923077, 0.6913385826771653, 0.6913385826771653, 0.6795180722891566, 0.6752618855761483, 0.6699029126213593]",MinMaxScaler
6,6,0.6826424870466321,0.5740740740740741,0.84185303514377,0.5977011494252874,0.679071843624115,1,DoubleEntanglementVLCircuit,0.01,"[0.6993862898334077, 0.6928337504597086, 0.6913641261819162, 0.6899564315221811, 0.6888971864000747, 0.6877203305300913, 0.6867945307963773, 0.6859637889030733, 0.6851739808917046, 0.6846722501673197, 0.684170639240428, 0.6834335711441542, 0.6831279795028662, 0.6827970984342852, 0.682389795584114, 0.6821531025986922]","[0.6935614347457886, 0.691960334777832, 0.690962553024292, 0.6904110908508301, 0.6891914010047913, 0.688215970993042, 0.6875796914100647, 0.687030017375946, 0.6865954399108887, 0.6863874793052673, 0.6858425140380859, 0.6855692267417908, 0.6854597330093384, 0.6853976845741272, 0.685014009475708, 0.68558269739151]","[0.6836565096952909, 0.6793066088840737, 0.6800433839479393, 0.6808278867102396, 0.6938313525749858, 0.6747294716740929, 0.6653721682847896, 0.6613119143239625, 0.6400560224089635, 0.5993975903614458, 0.6445366528354081, 0.6335931963146705, 0.6590604026845638, 0.6577896138482024, 0.6133720930232558, 0.6662337662337663]",MinMaxScaler
7,7,0.6789587852494577,0.5139573070607554,1.0,0.5139573070607554,0.692186176776886,1,DoubleEntanglementVLCircuit,0.001,"[0.7470578931664166, 0.7129481881856918, 0.6997095217045984, 0.6955921753848854, 0.6944719952972311, 0.6941579268559029, 0.6939512771603308, 0.6937639940726129, 0.6936142277952871, 0.6934307507778469, 0.6932648085057735, 0.6930191128661758, 0.692920026026274, 0.6927313614440592, 0.6925587318837643, 0.6924215702241973]","[0.7251294255256653, 0.7038964033126831, 0.6966036558151245, 0.6945627331733704, 0.6940336227416992, 0.6937857270240784, 0.6936165690422058, 0.6934748291969299, 0.6933335661888123, 0.6931883096694946, 0.6930460333824158, 0.6929036974906921, 0.6927700638771057, 0.6926207542419434, 0.6924863457679749, 0.6923540830612183]","[0.6793066088840737, 0.6793066088840737, 0.6793066088840737, 0.6793066088840737, 0.6793066088840737, 0.6793066088840737, 0.6793066088840737, 0.6793066088840737, 0.6793066088840737, 0.6793066088840737, 0.6793066088840737, 0.6793066088840737, 0.6793066088840737, 0.6793066088840737, 0.6793066088840737, 0.6793066088840737]",MinMaxScaler
8,8,0.8615149196633511,0.8267254038179148,0.8993610223642172,0.8513957307060755,0.35314080119132996,2,Ranga2024Circuit,0.01,"[0.5680078654304931, 0.42686205043604497, 0.39362611999048996, 0.38432613868070276, 0.3811113410874417, 0.38035867446543353, 0.38031981307032864, 0.3801674393348788, 0.3802527636779766, 0.3805065247671385, 0.3800701767598328, 0.38024393238715437, 0.3797462241430032, 0.3800159406014963, 0.3806687397392173, 0.37994599611939567]","[0.4678344130516052, 0.4078783094882965, 0.3917476534843445, 0.38676905632019043, 0.38531047105789185, 0.3852168619632721, 0.3850932717323303, 0.38537752628326416, 0.38490810990333557, 0.38553038239479065, 0.3854759633541107, 0.38559845089912415, 0.38537827134132385, 0.3849661648273468, 0.3850797116756439, 0.38519737124443054]","[0.8564778898370831, 0.8564778898370831, 0.8547008547008547, 0.8553654743390358, 0.8555900621118012, 0.8522283033620016, 0.853125, 0.8535630383711824, 0.8564778898370831, 0.8531029065200314, 0.8526645768025078, 0.8531029065200314, 0.8535630383711824, 0.8544747081712062, 0.8524590163934426, 0.8522283033620016]",MinMaxScaler
9,9,0.8573584905660377,0.8125894134477826,0.9073482428115016,0.8448275862068966,0.3939940631389618,2,Ranga2024Circuit,0.001,"[0.719411856445827, 0.6724375829492745, 0.6320010492284047, 0.5969708014867807, 0.5666195724747682, 0.5404080293680492, 0.5177918308855671, 0.4980922217823957, 0.48134955754013437, 0.46666809916496277, 0.4537212206540923, 0.4428502134978771, 0.4330488728653443, 0.4249955332396846, 0.41816021805923237, 0.41151690718374756]","[0.6945278644561768, 0.6520490646362305, 0.6153032183647156, 0.5833152532577515, 0.5556839108467102, 0.5317493081092834, 0.5109454393386841, 0.492946594953537, 0.4773973524570465, 0.4638559818267822, 0.45210161805152893, 0.44198426604270935, 0.43308910727500916, 0.42545950412750244, 0.4188687205314636, 0.41322168707847595]","[0.6793066088840737, 0.856054836252856, 0.8540706605222734, 0.8556149732620321, 0.8551829268292683, 0.856054836252856, 0.8562737642585552, 0.856054836252856, 0.8562737642585552, 0.8551829268292683, 0.8543096872616324, 0.8547400611620795, 0.8547400611620795, 0.8536398467432951, 0.8534151957022257, 0.8545034642032333]",MinMaxScaler
10,10,0.9066467513069455,0.8513323983169705,0.9696485623003195,0.8973727422003284,0.2897269129753113,2,Senokosov2024Circuit,0.01,"[0.6568779776755133, 0.5764241985192424, 0.5162119361522951, 0.47101316081458017, 0.4359080630697702, 0.40809997729957104, 0.38548786438217286, 0.3669591679384834, 0.3510461865287078, 0.33749645267074047, 0.32565319494001177, 0.31532866654819564, 0.30636507346245806, 0.2989342056803013, 0.29204324912279844, 0.2859626875602101]","[0.6135358214378357, 0.5434947609901428, 0.4905729591846466, 0.4503127336502075, 0.41848790645599365, 0.3931170701980591, 0.37236136198043823, 0.3550705313682556, 0.3401915431022644, 0.3274420499801636, 0.3162030875682831, 0.30641409754753113, 0.29824891686439514, 0.2906549572944641, 0.28389647603034973, 0.2778513729572296]","[0.853641933287951, 0.8899929027679205, 0.8899929027679205, 0.9013678905687545, 0.9013678905687545, 0.9073668854850474, 0.9078947368421053, 0.9123065585851142, 0.9110947832476121, 0.9180327868852459, 0.9192825112107623, 0.9194029850746268, 0.9216867469879518, 0.9181547619047619, 0.9199700822737472, 0.9224981188863808]",MinMaxScaler
11,11,0.8436657681940701,0.7296037296037297,1.0,0.8095238095238095,0.5654133558273315,2,Senokosov2024Circuit,0.001,"[0.7017686684664927, 0.6899713777789944, 0.6800753348752072, 0.6702834901056791, 0.6606915893131181, 0.651226025858992, 0.6418596519843528, 0.6328407106430907, 0.623997077541916, 0.6152935030036851, 0.606892913187805, 0.5986408130510857, 0.5907281103887057, 0.5831762938515136, 0.5757963331906419, 0.5686158222195349]","[0.6950668096542358, 0.6849088072776794, 0.6752455234527588, 0.6656200885772705, 0.6560637950897217, 0.6467499732971191, 0.6376193761825562, 0.6286657452583313, 0.6199170351028442, 0.611319899559021, 0.6029678583145142, 0.5948848128318787, 0.5871368646621704, 0.5795754194259644, 0.5722030401229858, 0.5650334358215332]","[0.6793066088840737, 0.6793066088840737, 0.6871232876712329, 0.7129050596930074, 0.7376470588235294, 0.755421686746988, 0.774074074074074, 0.7867001254705144, 0.7921667719519899, 0.803331197950032, 0.8212180746561886, 0.8266315095583389, 0.8299139642620781, 0.8337765957446809, 0.842175957018133, 0.8484438430311232]",MinMaxScaler
12,12,0.7588477366255144,0.7826825127334465,0.7364217252396166,0.7594417077175698,0.5063403844833374,2,Anusha2024Circuit,0.01,"[0.6190122659073064, 0.5380435553624442, 0.5239148290925905, 0.5216996526639712, 0.5207766637598213, 0.5211214093785537, 0.5213049229626593, 0.521001523556678, 0.5212313467146534, 0.5209844933920785, 0.5203302237940463, 0.5215372056945374, 0.5210687198529118, 0.5207399746501132, 0.5214468751494822, 0.5203773531278497]","[0.5595857501029968, 0.5301936268806458, 0.5247400999069214, 0.5242900848388672, 0.5240446925163269, 0.5248650908470154, 0.5239554047584534, 0.5244805812835693, 0.5239116549491882, 0.5239847898483276, 0.5242503881454468, 0.5246220827102661, 0.5249603390693665, 0.5239195227622986, 0.5239315629005432, 0.523937463760376]","[0.767031118587048, 0.767031118587048, 0.7709030100334449, 0.767031118587048, 0.7701342281879194, 0.7684478371501272, 0.7715481171548118, 0.7692307692307693, 0.7683333333333333, 0.7705192629815746, 0.767031118587048, 0.7677966101694915, 0.7697536108751062, 0.7675765095119934, 0.7645107794361525, 0.7683333333333333]",MinMaxScaler
13,13,0.7596390484003281,0.7807757166947723,0.7396166134185304,0.7594417077175698,0.5193570852279663,2,Anusha2024Circuit,0.001,"[0.7138330210980616, 0.6817430626404913, 0.6560225569103894, 0.6340089332508413, 0.6151286867496214, 0.5992351515512717, 0.5856690436209503, 0.5742180634682116, 0.5646409658028891, 0.5565908023793447, 0.5495640308057007, 0.5446931909965841, 0.5399443524840631, 0.5358145950656188, 0.5332056837842652, 0.529863824675742]","[0.6960304975509644, 0.6684427261352539, 0.6450912356376648, 0.6251019835472107, 0.6080695986747742, 0.5935683250427246, 0.5812991857528687, 0.5710857510566711, 0.5624974966049194, 0.5553062558174133, 0.5493475794792175, 0.544415295124054, 0.5403103232383728, 0.5369641184806824, 0.5342274308204651, 0.5320031642913818]","[0.6793066088840737, 0.688110281447444, 0.7345075016307893, 0.748587570621469, 0.75037147102526, 0.753822629969419, 0.7573872472783826, 0.768621236133122, 0.767757382282522, 0.7708502024291498, 0.7708674304418985, 0.7703703703703704, 0.7703703703703704, 0.768976897689769, 0.7679603633360859, 0.7675765095119934]",MinMaxScaler
14,14,0.9438893159108378,0.9096296296296297,0.9808306709265175,0.9400656814449918,0.2007744163274765,2,DoubleEntanglementVLCircuit,0.01,"[0.6525411474469461, 0.5561857014698418, 0.4818227785198312, 0.4255343439351571, 0.38179644736412327, 0.34749264534758895, 0.31993621430898966, 0.29756511973315164, 0.2785942638783078, 0.2626055251120737, 0.24888015636488012, 0.23703222143414773, 0.22681055421401797, 0.21826362727504028, 0.21064044711621185, 0.20344976174007906]","[0.6023008227348328, 0.5180635452270508, 0.4534611701965332, 0.4041726589202881, 0.3656129539012909, 0.33520281314849854, 0.31056585907936096, 0.2904341518878937, 0.2729846239089966, 0.2585592269897461, 0.24598434567451477, 0.23519352078437805, 0.2262689173221588, 0.21781425178050995, 0.21065230667591095, 0.20432274043560028]","[0.8818117480537863, 0.9221556886227545, 0.9221556886227545, 0.9312169312169312, 0.9312169312169312, 0.9367859862909368, 0.9382151029748284, 0.9482625482625483, 0.945342571208622, 0.9512006196746708, 0.9503875968992248, 0.9503875968992248, 0.9515625, 0.9512006196746708, 0.9503875968992248, 0.9516380655226209]",MinMaxScaler
15,15,0.8710801393728222,0.7725587144622992,0.9984025559105432,0.8481116584564861,0.542249858379364,2,DoubleEntanglementVLCircuit,0.001,"[0.7061425745487213, 0.6907890582163083, 0.6792866236677295, 0.6679493163369203, 0.6567621448714482, 0.6456352001742313, 0.634561431447142, 0.6238420795845357, 0.6132090205424711, 0.6028255322261861, 0.5926604210154006, 0.5826814235433152, 0.573072822470414, 0.5639124436205939, 0.5549643180872265, 0.5460997249342894]","[0.696864664554596, 0.6849079132080078, 0.6738481521606445, 0.6627335548400879, 0.6516239643096924, 0.6407409906387329, 0.6300126314163208, 0.6194515824317932, 0.6090862154960632, 0.5988667607307434, 0.5888909697532654, 0.579232394695282, 0.5699853897094727, 0.5609455108642578, 0.5521070957183838, 0.5434706211090088]","[0.6793066088840737, 0.6793066088840737, 0.6793066088840737, 0.6867800329127811, 0.7097505668934241, 0.735173223722842, 0.7564954682779457, 0.7810355583281348, 0.7929069031032299, 0.8106355382619974, 0.8305647840531561, 0.8445945945945946, 0.8480325644504749, 0.8565545641729582, 0.8658790826963169, 0.8811881188118812]",MinMaxScaler
16,16,0.613652357494722,0.5484276729559748,0.6964856230031949,0.5492610837438424,0.6809724569320679,3,Ranga2024Circuit,0.01,"[0.7026604955133638, 0.6873250046842977, 0.6845853003232103, 0.6838379074868403, 0.6837176013933984, 0.6836036975054365, 0.6836886419669578, 0.683753081058201, 0.6837368970246691, 0.6837368805549646, 0.6838499225283924, 0.6838298098821389, 0.6834311920561289, 0.6832342394872716, 0.683819152022663, 0.6835274206180322]","[0.6898513436317444, 0.6846023797988892, 0.6829068064689636, 0.6829901933670044, 0.6826930046081543, 0.6826710104942322, 0.6824092268943787, 0.6825242638587952, 0.6823298931121826, 0.6832540035247803, 0.6825818419456482, 0.6826496124267578, 0.682624876499176, 0.6824157238006592, 0.6832519769668579, 0.6823011040687561]","[0.6742081447963801, 0.616991643454039, 0.6208277703604806, 0.6044444444444445, 0.6070381231671554, 0.6069066862601029, 0.6148308135349172, 0.6210169491525424, 0.6187845303867403, 0.5937260902830911, 0.6079295154185022, 0.6216216216216216, 0.6063281824871228, 0.6098265895953757, 0.5938931297709924, 0.6156028368794326]",MinMaxScaler
17,17,0.6391076115485564,0.5423162583518931,0.7779552715654952,0.548440065681445,0.6846910715103149,3,Ranga2024Circuit,0.001,"[0.750722252224621, 0.7115158983751347, 0.7023718298265809, 0.6995614716096928, 0.6975930352744303, 0.6957858349931868, 0.6941728595840303, 0.6927475127342501, 0.6914408299091616, 0.69034489773606, 0.6893559460969347, 0.6884948334803707, 0.6878327107743213, 0.6870818322426394, 0.6866015591903737, 0.6861363965037622]","[0.7234196066856384, 0.7054221034049988, 0.7009981870651245, 0.698721170425415, 0.6968116164207458, 0.6950192451477051, 0.6933481693267822, 0.6919069886207581, 0.6906352639198303, 0.6895193457603455, 0.6885539293289185, 0.6876760125160217, 0.6869707703590393, 0.6863420605659485, 0.6857792735099792, 0.6853361129760742]","[0.2027194066749073, 0.38343834383438347, 0.5807243707796194, 0.6793066088840737, 0.6793066088840737, 0.6793066088840737, 0.6793066088840737, 0.6793066088840737, 0.6796959826275787, 0.6742081447963801, 0.6674514420247204, 0.6546329723225031, 0.6392523364485981, 0.6401491609695463, 0.6317135549872123, 0.6211424819435325]",MinMaxScaler
18,18,0.8098434004474273,0.7594405594405594,0.8674121405750799,0.7906403940886699,0.49351805448532104,3,Senokosov2024Circuit,0.01,"[0.6880553892176402, 0.652515203741036, 0.6229828780418948, 0.5983250531318941, 0.5774948651853361, 0.5600529222896224, 0.5455445360980535, 0.5334627849883155, 0.5235045371871245, 0.5147269766189551, 0.5073178977166352, 0.5012442050991874, 0.49566511711791944, 0.49055812439244045, 0.48722603074029874, 0.4836749165858093]","[0.6693589091300964, 0.6383048295974731, 0.6121733784675598, 0.5902544260025024, 0.5720126032829285, 0.5568143725395203, 0.5440542101860046, 0.5338459014892578, 0.5246713161468506, 0.5177516341209412, 0.5109484791755676, 0.505456268787384, 0.5010603070259094, 0.4969961643218994, 0.4937417209148407, 0.4907277524471283]","[0.8095617529880478, 0.8202764976958525, 0.819672131147541, 0.822104466313399, 0.8231753197893152, 0.8229954614220878, 0.8237951807228916, 0.8194343727338651, 0.8219584569732937, 0.8197226502311248, 0.8224582701062215, 0.8233555062823356, 0.8222730739893211, 0.8231797919762258, 0.8224582701062215, 0.8224719101123595]",MinMaxScaler
19,19,0.8089219330855019,0.7566063977746871,0.8690095846645367,0.7889983579638752,0.6492832899093628,3,Senokosov2024Circuit,0.001,"[0.7069124318659306, 0.7018452967075925, 0.6978453634993026, 0.6939423986171421, 0.6900042460152978, 0.6860120959187809, 0.6820765665095103, 0.678227308745447, 0.6744175347450533, 0.6706434443200889, 0.6669195182621479, 0.6632934512668535, 0.6597399499855543, 0.6561685861333421, 0.6527468422917944, 0.649279731864992]","[0.7036466598510742, 0.6996122598648071, 0.6957780122756958, 0.691940188407898, 0.6880901455879211, 0.6842392683029175, 0.6804236173629761, 0.6766958236694336, 0.6730077862739563, 0.6693544983863831, 0.665769100189209, 0.6622452139854431, 0.658821165561676, 0.6554552912712097, 0.6520906686782837, 0.6487880945205688]","[0.6786296900489397, 0.6471251409244645, 0.6528555431131019, 0.6905286343612335, 0.8071872840359364, 0.814873417721519, 0.8233555062823356, 0.8218562874251497, 0.8208516886930984, 0.8234410217881293, 0.8231753197893152, 0.8223048327137547, 0.8227374719521316, 0.8194343727338651, 0.8199853049228508, 0.8221225710014948]",MinMaxScaler
20,20,0.6811145510835913,0.6606606606606606,0.7028753993610224,0.6617405582922824,0.6347560286521912,3,Anusha2024Circuit,0.01,"[0.6575952436971036, 0.6394768951362685, 0.6350777051166484, 0.6340482668264916, 0.6341583595464104, 0.6339004876974382, 0.6340105509091365, 0.6340913922574959, 0.6341448569376218, 0.6341700678397166, 0.6341174276251542, 0.6342381488923964, 0.6340785856897894, 0.6336576636684569, 0.6342513445568713, 0.6337873058295563]","[0.6405668258666992, 0.6310209631919861, 0.6287785172462463, 0.6276387572288513, 0.6274759769439697, 0.6274430155754089, 0.6275028586387634, 0.6276983618736267, 0.6273796558380127, 0.6274260878562927, 0.6273328065872192, 0.6276612877845764, 0.6272997856140137, 0.6276252865791321, 0.6273609399795532, 0.627350389957428]","[0.6988679245283019, 0.6943164362519201, 0.702903946388682, 0.6904577191621412, 0.6949152542372882, 0.6906812842599843, 0.6951219512195121, 0.6997742663656885, 0.6947852760736196, 0.6831604150039904, 0.6897093479968578, 0.7002253944402704, 0.6906812842599843, 0.6997742663656885, 0.6954510408635313, 0.6948501152959262]",MinMaxScaler
21,21,0.6909090909090909,0.6570605187319885,0.7284345047923323,0.6650246305418719,0.6384838223457336,3,Anusha2024Circuit,0.001,"[0.6739388770963016, 0.668649787573438, 0.6641593520578585, 0.660240485872093, 0.6569355483117857, 0.6537917621041599, 0.6511806900563993, 0.6488432437181473, 0.6468193672205272, 0.6450831358762164, 0.6434080981110272, 0.6420515505106825, 0.640843174763416, 0.6396474493177313, 0.6389016016925636, 0.6378328370812693]","[0.6697232723236084, 0.6646236777305603, 0.6601120233535767, 0.6562009453773499, 0.6527249813079834, 0.6495966911315918, 0.6468467712402344, 0.6444013714790344, 0.6422331929206848, 0.6403219699859619, 0.6386487483978271, 0.6371840238571167, 0.6358733177185059, 0.634766697883606, 0.6337968707084656, 0.6329097151756287]","[0.7027427724240178, 0.7031700288184438, 0.7031700288184438, 0.7027417027417028, 0.7054545454545454, 0.7028231797919762, 0.7027427724240178, 0.7024608501118568, 0.7024608501118568, 0.7012012012012012, 0.7003012048192772, 0.7003012048192772, 0.6998491704374057, 0.7002253944402704, 0.7003012048192772, 0.6984126984126984]",MinMaxScaler
22,22,0.8767772511848341,0.8671875,0.8865814696485623,0.8719211822660099,0.31579455733299255,3,DoubleEntanglementVLCircuit,0.01,"[0.5595263014302442, 0.4545052722096443, 0.3987630471391113, 0.36573878210037947, 0.3448941390471239, 0.3309034905151317, 0.32208623374371154, 0.3152242544548292, 0.3111215030382338, 0.30764219762855455, 0.30518174725339603, 0.3032722226589134, 0.3018854490334266, 0.3005110464598003, 0.30059090673335287, 0.2996759466385763]","[0.49705228209495544, 0.4252781569957733, 0.38454127311706543, 0.3595547378063202, 0.3435969054698944, 0.3329904079437256, 0.32678914070129395, 0.32124099135398865, 0.3176212012767792, 0.31510624289512634, 0.31355607509613037, 0.3125130534172058, 0.31132450699806213, 0.31201785802841187, 0.30991455912590027, 0.3098543584346771]","[0.8640483383685801, 0.8692913385826772, 0.8696330991412958, 0.8672985781990521, 0.8679841897233201, 0.8660287081339713, 0.8703849175176748, 0.8672985781990521, 0.8655529037390612, 0.8660287081339713, 0.8686708860759493, 0.8672985781990521, 0.8650793650793651, 0.8690196078431373, 0.8667736757624398, 0.8686708860759493]",MinMaxScaler
23,23,0.8698999230177059,0.8395245170876672,0.902555910543131,0.861247947454844,0.45197468996047974,3,DoubleEntanglementVLCircuit,0.001,"[0.633387532673384, 0.6137726301033246, 0.5961338665924574, 0.579603544779514, 0.5641134388156628, 0.549388620316198, 0.5358214107783217, 0.5230265245037643, 0.5110769778686134, 0.49966680680058506, 0.48916122856500904, 0.4790511295983666, 0.4696887503133008, 0.46076435674177973, 0.45260102566527693, 0.4446934705698176]","[0.6239243745803833, 0.6058237552642822, 0.5889213681221008, 0.5731794834136963, 0.5583056211471558, 0.5443041920661926, 0.5312759876251221, 0.5190965533256531, 0.5076898336410522, 0.4969277083873749, 0.4867915213108063, 0.4772612154483795, 0.46836817264556885, 0.4599628448486328, 0.4519505202770233, 0.4443826675415039]","[0.7274853801169591, 0.7869481765834933, 0.8169582772543742, 0.8307905686546463, 0.8516129032258064, 0.8594436310395315, 0.8590405904059041, 0.8641791044776119, 0.8633633633633634, 0.8647014361300076, 0.8669201520912547, 0.8669201520912547, 0.8680396643783371, 0.8673780487804879, 0.8692307692307693, 0.8686244204018547]",MinMaxScaler
24,24,0.7825421133231241,0.7514705882352941,0.8162939297124601,0.7668308702791461,0.5247375965118408,4,Ranga2024Circuit,0.01,"[0.6964565780209867, 0.6565944621045339, 0.6273381298309878, 0.6063430079896199, 0.5914533999993613, 0.5802320333099679, 0.5716654816152233, 0.564612618010295, 0.5587898356545913, 0.5548489337885066, 0.5510962674100148, 0.5482836570590734, 0.546597381759631, 0.5443924090972072, 0.5427270115010048, 0.5417305454611778]","[0.6727494597434998, 0.6374326348304749, 0.6116279363632202, 0.5927197337150574, 0.5773732662200928, 0.5663936138153076, 0.5574467778205872, 0.5507916808128357, 0.544562041759491, 0.5402243137359619, 0.5361682176589966, 0.5331308841705322, 0.5304986238479614, 0.5283468961715698, 0.5266030430793762, 0.5258249044418335]","[0.6996587030716723, 0.7252612169637369, 0.775599128540305, 0.7558528428093646, 0.7664335664335664, 0.7803085966201323, 0.7848664688427299, 0.7703281027104137, 0.7819660014781966, 0.7885196374622356, 0.7865168539325843, 0.7842846553002224, 0.7885196374622356, 0.7933130699088146, 0.7954198473282442, 0.8031128404669261]",MinMaxScaler
25,25,0.7385377942998761,0.6032388663967612,0.952076677316294,0.6535303776683087,0.6482089757919312,4,Ranga2024Circuit,0.001,"[0.7272998863144925, 0.7137555562351879, 0.7078798364259695, 0.7027505708760337, 0.6980186228297258, 0.6934589159331823, 0.6889811316995245, 0.6845572590827942, 0.6802506140972439, 0.6759646389829485, 0.6718322991540557, 0.6679427423759511, 0.6640711520847521, 0.6603797772213033, 0.6566728169196531, 0.6532147224796446]","[0.7185080647468567, 0.7109977006912231, 0.7056387066841125, 0.7006352543830872, 0.695671796798706, 0.6909794807434082, 0.686287522315979, 0.6817256212234497, 0.6772431135177612, 0.6729046702384949, 0.6686527132987976, 0.6645148396492004, 0.660527765750885, 0.6566495299339294, 0.6528714299201965, 0.6491835117340088]","[0.6793066088840737, 0.6793066088840737, 0.6793066088840737, 0.6793066088840737, 0.6793066088840737, 0.6793066088840737, 0.6796747967479675, 0.680804785209353, 0.6835443037974683, 0.6940382452193475, 0.7050028752156412, 0.707852193995381, 0.7143695014662756, 0.7216867469879518, 0.7259439707673568, 0.7262638717632552]",MinMaxScaler
26,26,0.7802281368821293,0.7445573294629898,0.8194888178913738,0.7627257799671593,0.495839387178421,4,Senokosov2024Circuit,0.01,"[0.6911915164244803, 0.6547494256182721, 0.6287594606217585, 0.6074256332297074, 0.5901385669253374, 0.5754193332242338, 0.5630304921222361, 0.5518535140313601, 0.5424948996423107, 0.5342160230992656, 0.5269834729597757, 0.5210721878040778, 0.5156146544767054, 0.5108643757473481, 0.5067002325269737, 0.5026840923452064]","[0.6685435771942139, 0.6394981145858765, 0.6155281066894531, 0.5961707830429077, 0.578551173210144, 0.5643371939659119, 0.5520148873329163, 0.5412681102752686, 0.5317926406860352, 0.5237248539924622, 0.5162654519081116, 0.5099629163742065, 0.5043164491653442, 0.49951082468032837, 0.4948950707912445, 0.49132040143013]","[0.7382789317507419, 0.7578027465667915, 0.78954802259887, 0.764102564102564, 0.7809260539046303, 0.7900355871886121, 0.7953386744355426, 0.78954802259887, 0.7914285714285715, 0.7976101568334578, 0.7967599410898379, 0.7956043956043956, 0.7967599410898379, 0.8024132730015083, 0.7988032909498878, 0.8003060443764346]",MinMaxScaler
27,27,0.7522012578616353,0.6203319502074689,0.9552715654952076,0.6765188834154351,0.6514304280281067,4,Senokosov2024Circuit,0.001,"[0.7382787130773067, 0.7136826185803664, 0.701352416880821, 0.6942005412358987, 0.6893078304435077, 0.6853202044179565, 0.6817125972164305, 0.6782772774366956, 0.6750065811762684, 0.6717624230996558, 0.6686710211399355, 0.6657202228119499, 0.6627066958891717, 0.6598454651079679, 0.6569685583051882, 0.6541132854395791]","[0.7231377363204956, 0.7061843872070312, 0.6971635818481445, 0.6914986968040466, 0.6870034337043762, 0.6831783652305603, 0.6795914173126221, 0.6761717200279236, 0.6728598475456238, 0.6696532368659973, 0.6665228605270386, 0.6634524464607239, 0.6604368686676025, 0.6574898362159729, 0.6545572876930237, 0.6516914367675781]","[0.6793066088840737, 0.6793066088840737, 0.6793066088840737, 0.6793066088840737, 0.6793066088840737, 0.6800433839479393, 0.6951693503609107, 0.7111111111111111, 0.7261072261072261, 0.7387173396674585, 0.7454764776839565, 0.7471194663432383, 0.7527539779681762, 0.7545059042883778, 0.7559153175591532, 0.7589229805886036]",MinMaxScaler
28,28,0.3555070883315158,0.5601374570446735,0.26038338658146964,0.5147783251231527,0.6918792128562927,4,Anusha2024Circuit,0.01,"[0.6999416427784845, 0.6948568405289399, 0.6924544480678282, 0.6916589238925984, 0.6916480864349165, 0.6916433382583292, 0.6916850603332645, 0.6919097404338812, 0.6920468901333056, 0.6917886422260812, 0.6911200667290311, 0.6917352607767833, 0.6917140040742723, 0.6916973475170763, 0.6916177708067393, 0.6916991519300562]","[0.6971821188926697, 0.6929007172584534, 0.6936853528022766, 0.6912590861320496, 0.6910794973373413, 0.6898232698440552, 0.6897000074386597, 0.6901304721832275, 0.6897255182266235, 0.6896242499351501, 0.6901775598526001, 0.689639687538147, 0.6896128058433533, 0.6896564364433289, 0.6896875500679016, 0.6919366717338562]","[0.5294545454545454, 0.6793066088840737, 0.0, 0.6674082313681868, 0.6704416761041903, 0.6329787234042553, 0.6259437199725463, 0.6530366806975346, 0.5809312638580931, 0.6476683937823834, 0.5382059800664452, 0.6483023702754644, 0.6463335496430889, 0.5794947994056464, 0.5809312638580931, 0.3583061889250814]",MinMaxScaler
29,29,0.6789587852494577,0.5139573070607554,1.0,0.5139573070607554,0.6937452554702759,4,Anusha2024Circuit,0.001,"[0.703815250412414, 0.701878370423066, 0.7009322880522201, 0.6998380759828969, 0.699218485112253, 0.6983842671309647, 0.6978803196627843, 0.6971993054214277, 0.6966789947136452, 0.6960382167445985, 0.6954681102774645, 0.6952023053247678, 0.6947419680655003, 0.6944137248945864, 0.6940686059625525, 0.6937970281823685]","[0.7036764025688171, 0.7025561928749084, 0.7015169858932495, 0.7007389664649963, 0.6997180581092834, 0.6989359259605408, 0.6982102394104004, 0.6975114941596985, 0.6968842148780823, 0.6963421106338501, 0.6959076523780823, 0.695296049118042, 0.6948438882827759, 0.694421648979187, 0.6940513253211975, 0.6937101483345032]","[0.5987261146496815, 0.5997442455242967, 0.5996180776575429, 0.640661938534279, 0.6205607476635514, 0.6277641277641277, 0.6281499692685925, 0.6440281030444965, 0.6482122260668973, 0.6422668240850059, 0.6295399515738499, 0.6782419967444384, 0.678590785907859, 0.678590785907859, 0.6793066088840737, 0.6793066088840737]",MinMaxScaler
30,30,0.6877673224978614,0.7403314917127072,0.6421725239616614,0.7003284072249589,0.5946263670921326,4,DoubleEntanglementVLCircuit,0.01,"[0.6949882556341196, 0.6686291216235412, 0.6517535459838415, 0.6390889861473912, 0.630340256581181, 0.6236881452955698, 0.6189456450703897, 0.6149655378570682, 0.6117816638005408, 0.6099264548209152, 0.607833425563417, 0.6071360936682475, 0.6062734717209088, 0.6052525306218549, 0.6048342758103421, 0.6047967848809142]","[0.6770321130752563, 0.6563044786453247, 0.6405349969863892, 0.6292657256126404, 0.6193166971206665, 0.6125274896621704, 0.6072553992271423, 0.6034766435623169, 0.6000495553016663, 0.5977090001106262, 0.5958557724952698, 0.5944068431854248, 0.5930261611938477, 0.5920412540435791, 0.5913121104240417, 0.5910453200340271]","[0.672696438665913, 0.6611359285258456, 0.689048760991207, 0.6643550624133149, 0.6808834729626809, 0.6902086677367576, 0.6997558991049634, 0.6817120622568094, 0.6952303961196443, 0.697751873438801, 0.6991596638655462, 0.689048760991207, 0.7003257328990228, 0.7010647010647011, 0.6969446738232865, 0.6989795918367347]",MinMaxScaler
31,31,0.6588693957115009,0.5553121577217963,0.8099041533546326,0.5689655172413793,0.6637417674064636,4,DoubleEntanglementVLCircuit,0.001,"[0.7416292364267927, 0.7123755106800481, 0.7004349447394672, 0.6950276697936811, 0.6917096586211732, 0.6889915817270154, 0.6864552905685023, 0.6839896344432705, 0.681589641265179, 0.6792111990875319, 0.6769005677809841, 0.6747656209688437, 0.672556714007729, 0.6704496241321689, 0.6684080868175155, 0.6665295227185676]","[0.7227765917778015, 0.7045581936836243, 0.6971049308776855, 0.6931506991386414, 0.6899621486663818, 0.6871936917304993, 0.6844996213912964, 0.6818912029266357, 0.6793254017829895, 0.676830530166626, 0.6743819713592529, 0.6719796061515808, 0.6696712374687195, 0.6674274206161499, 0.6652547717094421, 0.6631055474281311]","[0.6793066088840737, 0.6793066088840737, 0.6793066088840737, 0.6793066088840737, 0.6793066088840737, 0.6793066088840737, 0.6789587852494577, 0.6750823271130626, 0.673355629877369, 0.6723646723646723, 0.6686286050618011, 0.668646080760095, 0.6650485436893204, 0.66375, 0.6624284806102988, 0.6588845654993515]",MinMaxScaler
32,32,0.6622185154295246,0.6928446771378709,0.634185303514377,0.6674876847290641,0.5828011631965637,5,Ranga2024Circuit,0.01,"[0.6222437827994949, 0.5881190740160251, 0.5822720208058232, 0.5820418549211401, 0.5815258718242771, 0.5814539990142772, 0.5814945821307207, 0.5818639784855278, 0.5815246770844648, 0.5817170667609102, 0.5814845634526328, 0.581452593795563, 0.5817647954743159, 0.5816581960963575, 0.5817413444777852, 0.5818175901903918]","[0.5829222202301025, 0.5662844777107239, 0.563034176826477, 0.5620555877685547, 0.561772882938385, 0.5617048740386963, 0.5615360140800476, 0.5615866780281067, 0.5616390705108643, 0.561707615852356, 0.561554491519928, 0.5616514086723328, 0.561565101146698, 0.5617743134498596, 0.5614325404167175, 0.5614838600158691]","[0.7040898155573376, 0.7006472491909385, 0.706634692246203, 0.6983606557377049, 0.7011308562197092, 0.695152013147083, 0.7003257328990228, 0.7003257328990228, 0.7011308562197092, 0.7005649717514124, 0.6957955482275351, 0.6877076411960132, 0.6991869918699187, 0.7041800643086816, 0.7003257328990228, 0.6942148760330579]",MinMaxScaler
33,33,0.6748768472906403,0.6942567567567568,0.6565495207667732,0.6748768472906403,0.5863569378852844,5,Ranga2024Circuit,0.001,"[0.6602314389065692, 0.6469318292250759, 0.6363135715456385, 0.6275538562944061, 0.6200740449130535, 0.6136031713532774, 0.608311473735069, 0.6038541590892955, 0.5997691553478178, 0.5966609894837204, 0.5936263102645937, 0.5913514380196208, 0.5896362498598663, 0.5880392367314351, 0.5867222093633915, 0.5857180024644262]","[0.6484498977661133, 0.6354104280471802, 0.6243681311607361, 0.6152045726776123, 0.6072600483894348, 0.600458562374115, 0.594524085521698, 0.589497983455658, 0.5852014422416687, 0.5814645886421204, 0.5783267021179199, 0.5756239891052246, 0.5733532309532166, 0.5713886618614197, 0.5697943568229675, 0.5684524774551392]","[0.7400881057268722, 0.7615062761506276, 0.7419596110695588, 0.7293577981651376, 0.7234375, 0.720125786163522, 0.7136075949367089, 0.7101910828025477, 0.707667731629393, 0.7031375703942075, 0.7026591458501209, 0.7011308562197092, 0.7011308562197092, 0.7011308562197092, 0.7016976556184317, 0.7007299270072993]",MinMaxScaler
34,34,0.5968514715947981,0.5221556886227545,0.6964856230031949,0.5164203612479474,0.6907724142074585,5,Senokosov2024Circuit,0.01,"[0.6953868764011484, 0.6938749549812392, 0.69322082302288, 0.6925457672853219, 0.691953504163968, 0.6915617983200049, 0.6910309162186948, 0.6911086683210573, 0.6906066589841717, 0.6902338033051867, 0.6904068483333838, 0.6901173448484195, 0.6900179109683162, 0.689540977540769, 0.689923199579904, 0.6896597527359661]","[0.694189727306366, 0.6933808922767639, 0.6925275325775146, 0.6915706992149353, 0.6911867260932922, 0.6905059814453125, 0.6899954080581665, 0.6896838545799255, 0.6893185973167419, 0.6895973086357117, 0.6888629794120789, 0.6894180774688721, 0.6886186003684998, 0.688901960849762, 0.6883804798126221, 0.6882372498512268]","[0.6761023407729995, 0.6775244299674267, 0.6793066088840737, 0.6629464285714286, 0.6778924497555676, 0.6134020618556701, 0.6411594202898551, 0.6344908769864627, 0.6196127420362274, 0.6419895893580104, 0.6116568434839554, 0.5509688289806234, 0.6, 0.6265938069216758, 0.6127989657401423, 0.6091094493541809]",MinMaxScaler
35,35,0.6789587852494577,0.5139573070607554,1.0,0.5139573070607554,0.6932448148727417,5,Senokosov2024Circuit,0.001,"[0.6986837049848155, 0.6951540510513281, 0.6948549323960355, 0.694685331888889, 0.6946058285079504, 0.6944684684276581, 0.6943571228337916, 0.6942609297601801, 0.6941222897485683, 0.6940947851460231, 0.6939258934243729, 0.6938550793810895, 0.6937364394727507, 0.6936432093774018, 0.6935325733533031, 0.6934894199826216]","[0.6961551904678345, 0.6952199935913086, 0.6950670480728149, 0.6949213743209839, 0.6947893500328064, 0.6946569085121155, 0.6945288777351379, 0.6944063901901245, 0.6942849159240723, 0.6941635012626648, 0.694046139717102, 0.6939365267753601, 0.6938165426254272, 0.693701446056366, 0.693587064743042, 0.6934943795204163]","[0.4239226033421284, 0.632, 0.6513452914798207, 0.6706783369803063, 0.6637265711135611, 0.6753812636165577, 0.676822633297062, 0.6732133115111838, 0.676822633297062, 0.6771739130434783, 0.6782419967444384, 0.6782419967444384, 0.6793066088840737, 0.6793066088840737, 0.6793066088840737, 0.6793066088840737]",MinMaxScaler
36,36,0.8732849071832123,0.8825448613376835,0.8642172523961661,0.8711001642036125,0.32155466079711914,5,Anusha2024Circuit,0.01,"[0.5406332331660547, 0.42579461879243974, 0.3782920642804943, 0.3542730552879603, 0.3409792838716193, 0.33337609038541194, 0.32795539380688415, 0.3241790641393316, 0.3226228381114963, 0.32106158740230295, 0.3202716957189535, 0.31958608476347045, 0.3192152255459836, 0.317826292820667, 0.31866288890964106, 0.31803979788367687]","[0.46772873401641846, 0.4010337293148041, 0.37061429023742676, 0.35416096448898315, 0.3452453017234802, 0.33951863646507263, 0.33629110455513, 0.3345150053501129, 0.3328663110733032, 0.3330777585506439, 0.3317989706993103, 0.3314487040042877, 0.33158329129219055, 0.33184894919395447, 0.3315300941467285, 0.33197644352912903]","[0.8919753086419753, 0.8894230769230769, 0.8888888888888888, 0.8913917940466614, 0.8899598393574297, 0.889248181083266, 0.8903225806451613, 0.8899598393574297, 0.889248181083266, 0.89171974522293, 0.8912167606768735, 0.8912167606768735, 0.8899598393574297, 0.8888888888888888, 0.8899598393574297, 0.8890662410215483]",MinMaxScaler
37,37,0.8760064412238325,0.8831168831168831,0.8690095846645367,0.8735632183908046,0.4130691885948181,5,Anusha2024Circuit,0.001,"[0.6377227653406168, 0.6094147439457869, 0.5851325253514867, 0.5634162785779488, 0.5439188221567556, 0.5263782189668793, 0.5103837120297708, 0.4958519692483701, 0.4827880830945153, 0.470922460191344, 0.4598132616007014, 0.44975986135633367, 0.4405026445655446, 0.43166467880732134, 0.42415110855118227, 0.4168070864520575]","[0.6235755085945129, 0.5978665351867676, 0.5752139687538147, 0.5548912882804871, 0.5366250872612, 0.5202309489250183, 0.5052475333213806, 0.49167168140411377, 0.4794553220272064, 0.46818071603775024, 0.4578442871570587, 0.4483869969844818, 0.4397192597389221, 0.43176230788230896, 0.4244671165943146, 0.4177739918231964]","[0.6924351187189398, 0.7489413188142771, 0.8042049934296978, 0.8317241379310345, 0.8656499636891793, 0.8860759493670886, 0.8954545454545455, 0.8917881811204912, 0.8926640926640926, 0.8947778643803586, 0.8925490196078432, 0.8915094339622641, 0.8924050632911392, 0.8931116389548693, 0.8913560666137986, 0.89171974522293]",MinMaxScaler
38,38,0.7231121281464531,0.691970802919708,0.7571884984025559,0.7019704433497537,0.6425142288208008,5,DoubleEntanglementVLCircuit,0.01,"[0.6745747094483752, 0.6609701855402244, 0.6517904494938097, 0.6452370007571421, 0.6405731567034596, 0.637100126594305, 0.6347620965618836, 0.6336559712102539, 0.6321046862163042, 0.6310073401975004, 0.6309782846977836, 0.6303441398041812, 0.629593045499764, 0.6294736029874337, 0.6296562558334124, 0.6287964097175159]","[0.668342113494873, 0.6582855582237244, 0.6516868472099304, 0.6465268135070801, 0.6435194611549377, 0.6410155296325684, 0.6399012804031372, 0.6387507915496826, 0.6379997134208679, 0.6381693482398987, 0.6371212601661682, 0.6370382308959961, 0.6368693113327026, 0.6378748416900635, 0.6369924545288086, 0.6367880702018738]","[0.7384843982169391, 0.7087227414330218, 0.76415770609319, 0.7371556217423678, 0.7505454545454545, 0.7312312312312312, 0.751453488372093, 0.7483588621444202, 0.7452135493372607, 0.7572254335260116, 0.7371556217423678, 0.7254752851711027, 0.7384843982169391, 0.7623833452979182, 0.7452135493372607, 0.736214605067064]",MinMaxScaler
39,39,0.7192042846212701,0.6901615271659325,0.7507987220447284,0.6986863711001642,0.6628400087356567,5,DoubleEntanglementVLCircuit,0.001,"[0.6822393413044905, 0.6800790793801609, 0.6782870153455358, 0.6765335874730035, 0.6748450996452257, 0.6731621423049977, 0.6716158672382957, 0.6701931845592825, 0.668674678394669, 0.667249147044985, 0.6659703309598722, 0.6646155924781373, 0.6632282698625013, 0.6621480003783577, 0.6609501862212231, 0.6596473322102898]","[0.6817865371704102, 0.6799853444099426, 0.67836594581604, 0.6767572164535522, 0.6752109527587891, 0.6737273335456848, 0.6722975969314575, 0.6709070205688477, 0.6696060299873352, 0.6683087348937988, 0.6670989990234375, 0.6659131050109863, 0.6647614240646362, 0.6636927127838135, 0.662631630897522, 0.6616135239601135]","[0.6025974025974026, 0.7323308270676692, 0.7287878787878788, 0.7505454545454545, 0.7371556217423678, 0.7450404114621602, 0.7446651949963208, 0.7310861423220973, 0.7366071428571429, 0.7305389221556886, 0.7305389221556886, 0.7317806160781367, 0.7305389221556886, 0.7463126843657817, 0.7444608567208272, 0.7316341829085458]",MinMaxScaler
40,40,0.9273301737756714,0.9171875,0.9376996805111821,0.9244663382594417,0.23823778331279755,6,Ranga2024Circuit,0.01,"[0.6861451223100486, 0.5824499469446508, 0.5055824022151922, 0.4471766274226339, 0.40251660297967884, 0.36818874401873664, 0.34141807816922665, 0.3196196694809355, 0.30257155697204563, 0.2881508516147733, 0.27617830704701574, 0.2666691885280766, 0.2586669684877913, 0.25179092946315285, 0.24607319914196668, 0.24139392118606912]","[0.6285818219184875, 0.5432352423667908, 0.4768178462982178, 0.42667579650878906, 0.38826054334640503, 0.3585655093193054, 0.3347156345844269, 0.31565234065055847, 0.30010971426963806, 0.28732016682624817, 0.27695226669311523, 0.267902135848999, 0.2607187032699585, 0.2545422315597534, 0.24954776465892792, 0.2448878139257431]","[0.894420600858369, 0.9125295508274232, 0.9173745173745174, 0.9153069153069153, 0.9153069153069153, 0.9154929577464789, 0.9153069153069153, 0.9161490683229814, 0.9149102263856362, 0.9149102263856362, 0.9150943396226415, 0.9146436961628818, 0.9149102263856362, 0.9142407553107789, 0.9125295508274232, 0.9150943396226415]",MinMaxScaler
41,41,0.9234375,0.9036697247706422,0.9440894568690096,0.9195402298850575,0.5574889779090881,6,Ranga2024Circuit,0.001,"[0.7958105708423414, 0.7409293169253751, 0.7103161986329054, 0.6925975305861548, 0.6803006945472014, 0.6695479929055038, 0.6590362418639032, 0.6483376773172304, 0.6375570479584368, 0.6266538996837641, 0.6158273639647585, 0.6051122557960058, 0.5945881095371748, 0.584145400869219, 0.5739955613879781, 0.5640267180769067]","[0.7625919580459595, 0.7220143675804138, 0.6998031735420227, 0.6860572099685669, 0.6751112341880798, 0.6647525429725647, 0.6543813943862915, 0.6438183784484863, 0.633121907711029, 0.6224427223205566, 0.6118234395980835, 0.6013432741165161, 0.5910558700561523, 0.5809299349784851, 0.5709539651870728, 0.5612594485282898]","[0.6793066088840737, 0.6793066088840737, 0.6793066088840737, 0.6793066088840737, 0.7964262922782387, 0.9110105580693816, 0.9153069153069153, 0.9149102263856362, 0.9154929577464789, 0.9144634525660964, 0.9144634525660964, 0.9153069153069153, 0.9144634525660964, 0.9144634525660964, 0.91711851278079, 0.9153069153069153]",MinMaxScaler
42,42,0.8021892103205629,0.7856049004594181,0.8194888178913738,0.7922824302134647,0.488010048866272,6,Senokosov2024Circuit,0.01,"[0.694961597260676, 0.6549822770451245, 0.6252471835989701, 0.6005590944305846, 0.5799041896274215, 0.5631332104339412, 0.549794791560424, 0.5383093907056671, 0.5296387480277764, 0.5222429675295165, 0.5160493954624, 0.5115470104899845, 0.507950088401374, 0.5047245180528415, 0.5020172158746343, 0.5003606265312747]","[0.672012448310852, 0.6409882307052612, 0.6140064597129822, 0.5920465588569641, 0.5739911198616028, 0.5594227910041809, 0.5474811792373657, 0.5379451513290405, 0.529735803604126, 0.523421049118042, 0.5183760523796082, 0.514094352722168, 0.5114074945449829, 0.5079966187477112, 0.50583815574646, 0.504034161567688]","[0.592737978410206, 0.7433198380566801, 0.8058823529411765, 0.7945823927765236, 0.7952167414050823, 0.7849462365591398, 0.8002969561989607, 0.802660753880266, 0.7877862595419848, 0.7927927927927928, 0.7827426810477658, 0.7945823927765236, 0.8008882309400445, 0.7862068965517242, 0.7849462365591398, 0.7887109077040427]",MinMaxScaler
43,43,0.8262490678598061,0.7748251748251749,0.8849840255591054,0.8087027914614121,0.6460497379302979,6,Senokosov2024Circuit,0.001,"[0.7571537204478916, 0.7209768379597288, 0.7030550068930576, 0.6943294029486807, 0.6894100084900856, 0.6856276739976908, 0.6820808151050618, 0.6784645811115441, 0.6748397936554331, 0.6711238922649309, 0.6673761963060028, 0.6636498713571775, 0.6599812944860834, 0.6562899172698197, 0.6526506831379313, 0.6490718587056586]","[0.7347255945205688, 0.7094128131866455, 0.6975067853927612, 0.6915385127067566, 0.6875470280647278, 0.6840455532073975, 0.680604100227356, 0.6770852208137512, 0.6734665036201477, 0.6698493957519531, 0.6662020683288574, 0.6625827550888062, 0.6590052843093872, 0.6554593443870544, 0.651915431022644, 0.6484609842300415]","[0.6793066088840737, 0.6793066088840737, 0.6793066088840737, 0.6793066088840737, 0.6793066088840737, 0.7237984944991315, 0.7815072830905636, 0.8074123097286565, 0.8150170648464163, 0.8162983425414365, 0.8128941836019622, 0.8144475920679887, 0.8155061019382628, 0.8153511947863866, 0.8144404332129964, 0.8116788321167884]",MinMaxScaler
44,44,0.946875,0.926605504587156,0.9680511182108626,0.9441707717569786,0.17796088755130768,6,Anusha2024Circuit,0.01,"[0.4298844013951327, 0.3030712348654082, 0.24676006946614698, 0.2182680567677476, 0.20163439140704117, 0.19194768572618304, 0.18499207747855076, 0.18084194373927617, 0.17764950972540597, 0.17576102548474937, 0.17387269769403102, 0.17224793199841915, 0.1718209318228458, 0.1712103621225412, 0.17062886116879158, 0.16979726373316034]","[0.3404463529586792, 0.2563418447971344, 0.21450519561767578, 0.19137179851531982, 0.17701686918735504, 0.1675511747598648, 0.16171763837337494, 0.15631549060344696, 0.1528131514787674, 0.1502389758825302, 0.148238405585289, 0.14657682180404663, 0.14538811147212982, 0.1443081945180893, 0.14357560873031616, 0.1428152620792389]","[0.9505271695052717, 0.9609561752988047, 0.9639498432601881, 0.9638932496075353, 0.9647611589663273, 0.9639498432601881, 0.9625, 0.9640062597809077, 0.9647611589663273, 0.9638932496075353, 0.9638932496075353, 0.9647611589663273, 0.9640062597809077, 0.9631372549019608, 0.9640062597809077, 0.9647611589663273]",MinMaxScaler
45,45,0.9465408805031447,0.9318885448916409,0.9616613418530351,0.9441707717569786,0.28775760531425476,6,Anusha2024Circuit,0.001,"[0.5256927376122851, 0.49847873486578465, 0.47411227863478034, 0.4513879608558981, 0.43040310218930244, 0.41143256357233776, 0.39372310463927296, 0.3776050462926689, 0.36269795669144705, 0.3491872781397481, 0.3366446497997171, 0.3249666940813002, 0.314614836077549, 0.3048340113049275, 0.2958464866111937, 0.28742427300465734]","[0.5076879262924194, 0.48191556334495544, 0.45770299434661865, 0.4353995621204376, 0.4148741364479065, 0.3959715962409973, 0.3785358667373657, 0.362496018409729, 0.34776830673217773, 0.33422592282295227, 0.3217985928058624, 0.31032615900039673, 0.29975417256355286, 0.289995938539505, 0.2808759808540344, 0.27246329188346863]","[0.7398615232443125, 0.8478847884788479, 0.8957795004306632, 0.9155405405405406, 0.9354304635761589, 0.9424342105263158, 0.9530744336569579, 0.9557522123893806, 0.9616, 0.9608313349320543, 0.9608938547486033, 0.9609561752988047, 0.9601910828025477, 0.9618441971383148, 0.9613259668508287, 0.9613259668508287]",MinMaxScaler
46,46,0.922007722007722,0.8923766816143498,0.9536741214057508,0.9170771756978654,0.3038586676120758,6,DoubleEntanglementVLCircuit,0.01,"[0.713361597178798, 0.6465386946342493, 0.5888869852611893, 0.5412733823453125, 0.5014446067966913, 0.4683809303923657, 0.44023308550056656, 0.41593856246847855, 0.39552078660773604, 0.37774389060704333, 0.3620861366783318, 0.3485392484519827, 0.3367043308129436, 0.32675888967749317, 0.3174727194403347, 0.30953140757781894]","[0.679993748664856, 0.6187567114830017, 0.5668643116950989, 0.524318516254425, 0.4888283610343933, 0.4589891731739044, 0.43301013112068176, 0.41137516498565674, 0.39198264479637146, 0.37539395689964294, 0.36158281564712524, 0.34836283326148987, 0.33812639117240906, 0.3281783163547516, 0.3194606900215149, 0.3116553723812103]","[0.6807817589576547, 0.8597348220516399, 0.867231638418079, 0.9022222222222223, 0.9047619047619048, 0.9070121951219512, 0.9067669172932331, 0.9078651685393259, 0.9090909090909091, 0.9090909090909091, 0.9095163806552262, 0.9082498072474943, 0.9070121951219512, 0.9109375, 0.9109375, 0.9083850931677019]",MinMaxScaler
47,47,0.7556094602789569,0.6089931573802542,0.9952076677316294,0.6691297208538588,0.6342185735702515,6,DoubleEntanglementVLCircuit,0.001,"[0.7471528972842192, 0.7362025436994276, 0.7283828901617151, 0.7207608903317075, 0.7132861147585668, 0.7058668330703911, 0.6984164138373575, 0.6911587095574329, 0.6841040288931445, 0.6769922663898844, 0.6698951662371033, 0.6629893932687608, 0.6563113727851918, 0.6498206600938973, 0.6432258210291988, 0.6367737978304687]","[0.7387986779212952, 0.7307755947113037, 0.7234111428260803, 0.7161524891853333, 0.7089770436286926, 0.7018496990203857, 0.694770872592926, 0.6877990365028381, 0.6808372139930725, 0.6740010380744934, 0.667244553565979, 0.66065913438797, 0.6542268991470337, 0.6479014754295349, 0.6415846347808838, 0.6354033946990967]","[0.4374599101988454, 0.6793066088840737, 0.6793066088840737, 0.6793066088840737, 0.6793066088840737, 0.6793066088840737, 0.6793066088840737, 0.6793066088840737, 0.6793066088840737, 0.6793066088840737, 0.6804123711340206, 0.6837513631406761, 0.6959421901056142, 0.7155123068116772, 0.7280139778683751, 0.7483483483483484]",MinMaxScaler
48,48,0.8926640926640926,0.8639760837070254,0.9233226837060703,0.8858784893267652,0.3027317225933075,7,Ranga2024Circuit,0.01,"[0.6114628597309715, 0.48050690354093123, 0.41059489675650473, 0.37170066831535414, 0.34873265537776443, 0.3340824414534788, 0.32391778463007587, 0.3180855754762888, 0.3133298960563384, 0.3104042388302715, 0.30745930749138717, 0.305759523308983, 0.30502501693799305, 0.30381746126927045, 0.30321312411443185, 0.3028820516835702]","[0.5359126329421997, 0.4457342028617859, 0.39851680397987366, 0.37156522274017334, 0.35596930980682373, 0.34657758474349976, 0.33978602290153503, 0.3354189097881317, 0.3331608772277832, 0.3306120038032532, 0.3299117386341095, 0.32854434847831726, 0.32856255769729614, 0.32823342084884644, 0.3276025652885437, 0.3287968635559082]","[0.880184331797235, 0.8784905660377359, 0.8768768768768769, 0.8787878787878788, 0.8778280542986425, 0.8766917293233083, 0.8784905660377359, 0.8774583963691377, 0.8784905660377359, 0.8799392097264438, 0.8774583963691377, 0.8789032749428789, 0.8787878787878788, 0.8794541319181198, 0.8791377983063895, 0.8767951625094482]",MinMaxScaler
49,49,0.8952676493405741,0.8702865761689291,0.9217252396166135,0.8891625615763546,0.4489653408527374,7,Ranga2024Circuit,0.001,"[0.7284465579217986, 0.6706930149934793, 0.6443605722957536, 0.6257006843623362, 0.6082231351419499, 0.5909055796893019, 0.5740494761419924, 0.5579635261705047, 0.5424002230559525, 0.5279170078666586, 0.513848184558906, 0.5007362978434876, 0.4884127901965066, 0.47677537024413286, 0.46595579013228416, 0.4558214179583286]","[0.6911249756813049, 0.6557835936546326, 0.6358177661895752, 0.6184719204902649, 0.6015000343322754, 0.5848222374916077, 0.5687872171401978, 0.5532787442207336, 0.5386609435081482, 0.5248787999153137, 0.5118263363838196, 0.499517023563385, 0.4879186451435089, 0.47714662551879883, 0.46707385778427124, 0.45776301622390747]","[0.6793066088840737, 0.8384043272481406, 0.8632268632268633, 0.8395904436860068, 0.851698425849213, 0.8666666666666667, 0.8724082934609251, 0.8774703557312253, 0.880187940485513, 0.8785046728971962, 0.8788819875776398, 0.8787644787644787, 0.8793235972328978, 0.8802440884820748, 0.8795731707317073, 0.8799392097264438]",MinMaxScaler
50,50,0.8234482758620689,0.7245145631067961,0.9536741214057508,0.7898193760262726,0.6217992305755615,7,Senokosov2024Circuit,0.01,"[0.6968885842514666, 0.6905974157546696, 0.6851647886398592, 0.6799180699806464, 0.6750965424274143, 0.670179499999473, 0.6652546442653003, 0.660972364835049, 0.656057915993427, 0.652298913974511, 0.6477605431879822, 0.6438195948538027, 0.6396761252299735, 0.6356594850750346, 0.6318570346032318, 0.6281053457213076]","[0.6931686401367188, 0.6876862645149231, 0.6827418804168701, 0.6781617999076843, 0.6727868914604187, 0.668197512626648, 0.6636743545532227, 0.6595610976219177, 0.6555284857749939, 0.6512062549591064, 0.6469784379005432, 0.6430177092552185, 0.6389755606651306, 0.6351235508918762, 0.6322124600410461, 0.6279571652412415]","[0.6793066088840737, 0.6796747967479675, 0.6800651819663226, 0.8201539538138558, 0.7483403741701871, 0.7440191387559809, 0.7576499388004896, 0.821173104434907, 0.7519708914493632, 0.8247272727272728, 0.821173104434907, 0.7906066536203522, 0.819718309859155, 0.8168624740843123, 0.8237918215613383, 0.8174273858921162]",MinMaxScaler
51,51,0.6793271839392295,0.514379622021364,1.0,0.5147783251231527,0.6889684796333313,7,Senokosov2024Circuit,0.001,"[0.7077340769924616, 0.6991113514492386, 0.6970107437748658, 0.6963000913199625, 0.6957263150497487, 0.6952292828967697, 0.694621516293601, 0.6940786905194584, 0.6934867383618104, 0.6929829746092621, 0.6923705141403174, 0.6918391050084641, 0.6912400693093476, 0.6906201376726753, 0.6901146918535233, 0.6894491699181104]","[0.7011580467224121, 0.6974238157272339, 0.6964200139045715, 0.6958588361740112, 0.6953217387199402, 0.6947810649871826, 0.6942461133003235, 0.6936941146850586, 0.6931504607200623, 0.692606508731842, 0.6920618414878845, 0.6915100812911987, 0.6909500956535339, 0.69039386510849, 0.6898340582847595, 0.6892806887626648]","[0.6793066088840737, 0.6793066088840737, 0.6793066088840737, 0.6793066088840737, 0.6793066088840737, 0.6793066088840737, 0.6793066088840737, 0.6793066088840737, 0.6793066088840737, 0.6793066088840737, 0.6793066088840737, 0.6793066088840737, 0.6793066088840737, 0.6793066088840737, 0.6793066088840737, 0.6793066088840737]",MinMaxScaler
52,52,0.6143497757847534,0.577247191011236,0.6565495207667732,0.5763546798029556,0.6806517243385315,7,Anusha2024Circuit,0.01,"[0.6805270129912778, 0.6756656389487418, 0.6731503897983777, 0.6719264515528554, 0.671628628318247, 0.6712375842034817, 0.6707528580568338, 0.6710784741138157, 0.6707433138630892, 0.6711325316052688, 0.6710090635246352, 0.6708243322607718, 0.6708605158093729, 0.6708918278546709, 0.6707558143687876, 0.6707130435265993]","[0.6766386032104492, 0.6731347441673279, 0.6718533039093018, 0.6711386442184448, 0.6702097654342651, 0.6701067090034485, 0.670046329498291, 0.6705624461174011, 0.6706627607345581, 0.6704387664794922, 0.6698560118675232, 0.6700248122215271, 0.6696521639823914, 0.6696839332580566, 0.6705808043479919, 0.6697782874107361]","[0.6325785244704164, 0.623574144486692, 0.6462633451957296, 0.5780346820809249, 0.6265775798069785, 0.6299559471365639, 0.6321167883211679, 0.5785123966942148, 0.6477675407512402, 0.5799011532125206, 0.5956765412329864, 0.6382671480144404, 0.6116731517509728, 0.610806577916993, 0.5785123966942148, 0.6282335550628233]",MinMaxScaler
53,53,0.59247889485802,0.5701624815361891,0.6166134185303515,0.5640394088669951,0.6804279685020447,7,Anusha2024Circuit,0.001,"[0.689959076478293, 0.6828426738318644, 0.6813964390833127, 0.6806894205510616, 0.6800609683912051, 0.6794557824338737, 0.6787479451220286, 0.6782776127128225, 0.6777197691170793, 0.6772315592357987, 0.6767846043956908, 0.6763112621479913, 0.6759240629249498, 0.6755094416439533, 0.6751464219077637, 0.6747607208396259]","[0.6839794516563416, 0.681572675704956, 0.6806983351707458, 0.6799966096878052, 0.6793019771575928, 0.678673505783081, 0.6781010627746582, 0.6775164604187012, 0.6769996285438538, 0.6764968633651733, 0.6760313510894775, 0.675599992275238, 0.6751832365989685, 0.6748026609420776, 0.6744438409805298, 0.674117386341095]","[0.7018561484918794, 0.6478076379066479, 0.6231772831926324, 0.5966319165998396, 0.6215384615384615, 0.6217457886676876, 0.6269545793000745, 0.6104605776736924, 0.6262172284644195, 0.6251896813353566, 0.6104605776736924, 0.6251896813353566, 0.623574144486692, 0.6259426847662142, 0.6215384615384615, 0.624715693707354]",MinMaxScaler
54,54,0.8937160589604345,0.8687782805429864,0.9201277955271565,0.8875205254515599,0.3193124532699585,7,DoubleEntanglementVLCircuit,0.01,"[0.6603600249478692, 0.590064519134007, 0.5334327370908699, 0.4888873180668605, 0.4544479250907898, 0.42709869244381, 0.4054175236899602, 0.3886429983142175, 0.37441248931971033, 0.36374521074130345, 0.35443253177953393, 0.34678888659139995, 0.3408044336461707, 0.3353311226360108, 0.33115381051443127, 0.32760215310477897]","[0.6245347261428833, 0.5637430548667908, 0.5157199501991272, 0.4782819449901581, 0.449055016040802, 0.42639240622520447, 0.4086083769798279, 0.3939305543899536, 0.3827032446861267, 0.3733251988887787, 0.3658861815929413, 0.3604886531829834, 0.355102002620697, 0.3509890139102936, 0.34710410237312317, 0.34553027153015137]","[0.8871715610510046, 0.8824451410658307, 0.8871834228702993, 0.8813825608798115, 0.8858024691358025, 0.8878648233486943, 0.888208269525268, 0.8858024691358025, 0.8873563218390804, 0.8866459627329193, 0.8875192604006163, 0.8909229595728452, 0.888208269525268, 0.8873563218390804, 0.8866459627329193, 0.8895658796648895]",MinMaxScaler
55,55,0.8790322580645161,0.8876221498371335,0.8706070287539937,0.8768472906403941,0.5726368427276611,7,DoubleEntanglementVLCircuit,0.001,"[0.720801048961125, 0.6876276611889663, 0.6738776874385382, 0.6658303420010366, 0.6586093034007048, 0.6512062839771572, 0.6436594514862487, 0.6360466388103209, 0.6283030135459021, 0.6208313976071382, 0.6131899203909071, 0.6056859991268108, 0.5982788295338028, 0.590899904503634, 0.5836920269617909, 0.5766944479393331]","[0.6991220712661743, 0.6794244050979614, 0.6702460050582886, 0.6631714105606079, 0.6561503410339355, 0.6489121913909912, 0.6415964365005493, 0.6341257095336914, 0.6267255544662476, 0.6194245219230652, 0.6121443510055542, 0.6049197316169739, 0.5977484583854675, 0.5907137393951416, 0.5838437080383301, 0.5771481990814209]","[0.6793066088840737, 0.6793066088840737, 0.8842257597684515, 0.8396305625524769, 0.8287671232876712, 0.8357446808510638, 0.8490878938640133, 0.8471760797342193, 0.8555102040816327, 0.8559804719283971, 0.8557457212713936, 0.8665594855305466, 0.8690095846645367, 0.8744038155802861, 0.8744038155802861, 0.8774703557312253]",MinMaxScaler
56,56,0.7082748948106592,0.63125,0.8067092651757188,0.6584564860426929,0.6803008913993835,8,Ranga2024Circuit,0.01,"[0.686486152637946, 0.6826484883694273, 0.6803961994224473, 0.679059346843707, 0.6780201018248734, 0.6774598195364601, 0.6770121657142514, 0.6767252744420579, 0.6765705088251516, 0.6766047020883936, 0.6764024621561954, 0.6767284089797422, 0.6765022032747143, 0.6763232679743516, 0.6765749072165865, 0.6761837487942294]","[0.6840960383415222, 0.6814236044883728, 0.6807357668876648, 0.6796044111251831, 0.6783201098442078, 0.6780630350112915, 0.6778292655944824, 0.6777905821800232, 0.6777709126472473, 0.6777095198631287, 0.6780678033828735, 0.6777277588844299, 0.6777710318565369, 0.6780743598937988, 0.6778833866119385, 0.6783062219619751]","[0.7322335025380711, 0.7232876712328767, 0.7292191435768262, 0.6479802143446002, 0.6962305986696231, 0.6913207547169812, 0.6975354742345033, 0.6884003032600455, 0.6845329249617151, 0.6964951528709918, 0.7090779127948534, 0.6970830216903515, 0.6953298739807264, 0.6613290632506005, 0.6994856722997795, 0.7088967971530249]",MinMaxScaler
57,57,0.7158866183256427,0.6094276094276094,0.8674121405750799,0.6461412151067324,0.683427095413208,8,Ranga2024Circuit,0.001,"[0.6912248999272522, 0.6880103310472087, 0.6871322048337836, 0.6866099597199967, 0.6860995275017462, 0.6856659211610493, 0.6852056933076758, 0.6848339020813766, 0.6844266098188726, 0.6840667108956137, 0.6836921684443951, 0.6834006619296575, 0.6830365879363135, 0.682701379648949, 0.6824637235779512, 0.6821212846981851]","[0.6887043714523315, 0.6874467134475708, 0.6868422627449036, 0.6863848567008972, 0.6859304308891296, 0.6855072379112244, 0.6850895285606384, 0.6847097277641296, 0.6843385100364685, 0.6839867234230042, 0.6836519241333008, 0.6833419799804688, 0.6830493807792664, 0.6827595829963684, 0.6825067400932312, 0.6822495460510254]","[0.6203941730934018, 0.7277289836888331, 0.7110582639714625, 0.7104795737122558, 0.7158403869407497, 0.7256965944272445, 0.726932668329177, 0.7270455965021861, 0.7297979797979798, 0.7297124600638978, 0.7300970873786408, 0.7279843444227005, 0.7288246881155613, 0.7293183322303111, 0.7291941875825627, 0.7305389221556886]",MinMaxScaler
58,58,0.6851595006934813,0.6053921568627451,0.7891373801916933,0.6272577996715928,0.662920355796814,8,Senokosov2024Circuit,0.01,"[0.6891481141118627, 0.6770120853264081, 0.6716609538385743, 0.669369858934691, 0.6679676500590224, 0.667391753510425, 0.667014987453034, 0.6667628562764117, 0.6667454534847486, 0.6667882845197853, 0.6662596470039142, 0.6667181539692377, 0.6665390773039115, 0.6666468464230236, 0.6668454373353406, 0.6668493016377876]","[0.6793256998062134, 0.6704832315444946, 0.6665187478065491, 0.6642616987228394, 0.6627985239028931, 0.6621708869934082, 0.6617625951766968, 0.6615461111068726, 0.6614616513252258, 0.661302924156189, 0.6613706946372986, 0.661207914352417, 0.6611611247062683, 0.6613613963127136, 0.6612067222595215, 0.6613809466362]","[0.6980756469807564, 0.6944045911047346, 0.6980132450331126, 0.6946736684171043, 0.6919228020014296, 0.6950252343186734, 0.691496837666901, 0.6960926193921853, 0.6948288419519301, 0.6935251798561151, 0.6903270702853166, 0.6920366455250176, 0.6909350463954318, 0.6978470675575352, 0.6957153231663036, 0.6915629322268326]",MinMaxScaler
59,59,0.6842105263157895,0.6039119804400978,0.7891373801916933,0.625615763546798,0.6747953295707703,8,Senokosov2024Circuit,0.001,"[0.7014008184012613, 0.6955007061754402, 0.6925250529066512, 0.6904629945362869, 0.688681914226005, 0.687104620235531, 0.685605915557397, 0.6842504810345801, 0.683020733689007, 0.6818581125453899, 0.6806816172442938, 0.6797284185886383, 0.6787482292244309, 0.6779574944000495, 0.6771938647878798, 0.6764740518441326]","[0.6977474093437195, 0.6937723755836487, 0.6911190152168274, 0.6890026330947876, 0.6871373653411865, 0.6853677034378052, 0.6837450265884399, 0.6822415590286255, 0.680846095085144, 0.679551899433136, 0.6783372759819031, 0.6772108674049377, 0.676171600818634, 0.6751841902732849, 0.6742879152297974, 0.6734370589256287]","[0.012678288431061807, 0.0, 0.6940874035989717, 0.6886850152905198, 0.69625, 0.6939040207522698, 0.6950261780104712, 0.695994747209455, 0.6980756469807564, 0.6935483870967742, 0.6924119241192412, 0.6947654656696125, 0.6935153583617747, 0.6945205479452055, 0.6935704514363885, 0.6946933149552033]",MinMaxScaler
60,60,0.6566961250849762,0.5715976331360947,0.7715654952076677,0.5853858784893268,0.6769751906394958,8,Anusha2024Circuit,0.01,"[0.6860691757970735, 0.6838421911785477, 0.6830170068301653, 0.6827032569991914, 0.6823373233017168, 0.6823735807679201, 0.6822086172668558, 0.6821332079799551, 0.6823057608776971, 0.6822319591515943, 0.6818828243566187, 0.6822506287380269, 0.682231462707645, 0.6821362850697417, 0.6824220069929173, 0.6822027246418753]","[0.6797719597816467, 0.6772232055664062, 0.6763308048248291, 0.6760357022285461, 0.6743369102478027, 0.6738452315330505, 0.673576295375824, 0.6734294295310974, 0.673541247844696, 0.6733424663543701, 0.6735419034957886, 0.6731361746788025, 0.6730985045433044, 0.6734281778335571, 0.6732779741287231, 0.673265814781189]","[0.6811779769526248, 0.6593103448275862, 0.6867924528301886, 0.6012658227848101, 0.6537634408602151, 0.6606018194541637, 0.6607629427792916, 0.6557842441447835, 0.6404084609773888, 0.6522988505747126, 0.6697551290536069, 0.6597796143250688, 0.6588881262868909, 0.6372980910425844, 0.6424418604651163, 0.6604026845637584]",MinMaxScaler
61,61,0.6567366283006093,0.5699177438307873,0.7747603833865815,0.583743842364532,0.6801297068595886,8,Anusha2024Circuit,0.001,"[0.6887517502825511, 0.6870041338628844, 0.6865130233529367, 0.6861772778394976, 0.6857564982615019, 0.6855171124793982, 0.6851887171597857, 0.6849321999440068, 0.6847675817185327, 0.6845195379696394, 0.6842290553215303, 0.6841032250147117, 0.6839170942181035, 0.6838103781797384, 0.6837304446258043, 0.6835684315546563]","[0.6847732067108154, 0.6838115453720093, 0.6830888986587524, 0.6825332641601562, 0.682041585445404, 0.6815944314002991, 0.6811187863349915, 0.680648922920227, 0.6802545785903931, 0.6798816919326782, 0.6795246005058289, 0.6791760921478271, 0.678863525390625, 0.6785629391670227, 0.6782741546630859, 0.6780346035957336]","[0.6631016042780749, 0.6848792884371029, 0.6886264760720945, 0.6878109452736318, 0.6864728192161821, 0.68, 0.6791478373143964, 0.680796403339756, 0.6774821544451655, 0.673215455140799, 0.6719367588932806, 0.6719367588932806, 0.6697551290536069, 0.6693174287607687, 0.6697551290536069, 0.664886515353805]",MinMaxScaler
62,62,0.8496350364963504,0.782258064516129,0.9297124600638977,0.8308702791461412,0.40285971760749817,8,DoubleEntanglementVLCircuit,0.01,"[0.6683747597823018, 0.6110472120344639, 0.5676871806775269, 0.5348932999921473, 0.5091871079057455, 0.48911211698463086, 0.472630864303363, 0.4595810103377229, 0.4488114355818221, 0.4392137931365716, 0.43197588696095507, 0.42561343346575375, 0.4202378803962155, 0.4152827234448571, 0.4116741491383628, 0.4080897002039771]","[0.636867344379425, 0.5872189998626709, 0.5496123433113098, 0.5209425687789917, 0.4982304871082306, 0.4799947738647461, 0.46543046832084656, 0.45376789569854736, 0.44438689947128296, 0.43605121970176697, 0.429166316986084, 0.4235139489173889, 0.4188624918460846, 0.4148416519165039, 0.4117729961872101, 0.40843114256858826]","[0.7945911139729556, 0.8308977035490606, 0.8254620123203286, 0.8480921526277898, 0.8503253796095445, 0.8480921526277898, 0.8484848484848485, 0.8506919155134741, 0.8512518409425626, 0.8506254598969831, 0.8514705882352941, 0.8512518409425626, 0.8488888888888889, 0.8471810089020771, 0.8466716529543755, 0.8471810089020771]",MinMaxScaler
63,63,0.8169014084507042,0.7040462427745665,0.9728434504792333,0.7758620689655172,0.5994060039520264,8,DoubleEntanglementVLCircuit,0.001,"[0.7063628344943649, 0.6915069824378741, 0.6833015411700073, 0.6766560538426826, 0.6702238691872672, 0.6639238723406666, 0.6575121203143346, 0.6513297226476041, 0.6452232187515811, 0.6390440250305753, 0.6331473847753123, 0.6273259063692469, 0.6216406184983881, 0.616104264988711, 0.6106916683676996, 0.6054269940053162]","[0.6968361139297485, 0.6869365572929382, 0.6798305511474609, 0.6734032034873962, 0.6670700311660767, 0.6607405543327332, 0.6544346809387207, 0.6482042670249939, 0.6421046257019043, 0.6360816955566406, 0.6301981210708618, 0.624442994594574, 0.6188274621963501, 0.6133551597595215, 0.6080013513565063, 0.6027916669845581]","[0.0, 0.8208955223880597, 0.7228637413394919, 0.727906976744186, 0.7476076555023924, 0.7641277641277642, 0.7769423558897243, 0.7840405319822673, 0.79204107830552, 0.7966321243523317, 0.8050065876152833, 0.807666886979511, 0.8106666666666666, 0.8144675150703282, 0.816655473472129, 0.8186738836265224]",MinMaxScaler
64,64,0.7977346278317152,0.8081967213114755,0.7875399361022364,0.7947454844006568,0.46579745411872864,9,Ranga2024Circuit,0.01,"[0.6363653630802506, 0.5591461382022029, 0.5205008005233187, 0.5004581793358451, 0.48900556672168405, 0.4826210352935289, 0.47864820592497526, 0.47594862382270786, 0.474212766968106, 0.47287318473191636, 0.4727952980289334, 0.47188188125820535, 0.4713579283929185, 0.47138678713848714, 0.4709331284424192, 0.4713178848553645]","[0.5825725793838501, 0.5266291499137878, 0.49845564365386963, 0.48387229442596436, 0.474231094121933, 0.4689761698246002, 0.46560755372047424, 0.46359512209892273, 0.4624846577644348, 0.4619406461715698, 0.4607744812965393, 0.4604455530643463, 0.4606248736381531, 0.4598658084869385, 0.4598073661327362, 0.46010562777519226]","[0.7948094079480941, 0.797427652733119, 0.7980769230769231, 0.8133748055987559, 0.807843137254902, 0.802547770700637, 0.803486529318542, 0.8038125496425734, 0.802547770700637, 0.8138996138996138, 0.8044338875692795, 0.8140077821011673, 0.8022328548644339, 0.8097102584181676, 0.8031620553359684, 0.802547770700637]",MinMaxScaler
65,65,0.783625730994152,0.8213660245183888,0.7492012779552716,0.7873563218390804,0.5467725992202759,9,Ranga2024Circuit,0.001,"[0.6902573259645387, 0.6752725398462069, 0.6618714973722634, 0.6493681112402364, 0.637748842372706, 0.6268390489644126, 0.6167200368485952, 0.6072263986264405, 0.598490768553395, 0.590177604242375, 0.582704964044847, 0.5754538007864827, 0.5687388314032241, 0.562594762366069, 0.5568077990687207, 0.5517040199943279]","[0.6815463304519653, 0.666857123374939, 0.653106689453125, 0.640591025352478, 0.6286678910255432, 0.6175150275230408, 0.6072473526000977, 0.5976441502571106, 0.5886919498443604, 0.580385148525238, 0.572625994682312, 0.5653111934661865, 0.5586048364639282, 0.5524049401283264, 0.5466324090957642, 0.5412670969963074]","[0.225, 0.4546525323910483, 0.6133056133056133, 0.6673209028459274, 0.7356948228882834, 0.7356948228882834, 0.7577639751552795, 0.7634124890061565, 0.7632263660017347, 0.7713310580204779, 0.7766497461928934, 0.7789824854045038, 0.7837613918806959, 0.7851239669421488, 0.7895167895167895, 0.7895167895167895]",MinMaxScaler
66,66,0.7821482602118003,0.742816091954023,0.8258785942492013,0.7635467980295566,0.5371199250221252,9,Senokosov2024Circuit,0.01,"[0.65806000620911, 0.6062745424477678, 0.5764928634621596, 0.5592614243689337, 0.5500156522581452, 0.5451966895672836, 0.5418788457387372, 0.5407367230049873, 0.5397781394422054, 0.5398532074729079, 0.539641381486466, 0.5395156641147638, 0.5388191019822108, 0.5394573442049717, 0.5394543963239381, 0.5394829313613867]","[0.6309804320335388, 0.594554603099823, 0.5741437673568726, 0.5638232231140137, 0.5579894781112671, 0.5541328191757202, 0.5527558922767639, 0.5521355271339417, 0.5519847273826599, 0.5520528554916382, 0.5519688129425049, 0.5521349310874939, 0.552199125289917, 0.5521787405014038, 0.5521811246871948, 0.5521400570869446]","[0.7775467775467776, 0.7741466957153231, 0.7712609970674487, 0.7722627737226277, 0.7706959706959707, 0.7700374531835206, 0.7699248120300752, 0.7705041384499624, 0.7721423164269493, 0.7704918032786885, 0.7699248120300752, 0.7701492537313432, 0.7707539984767707, 0.7703814510097232, 0.7700374531835206, 0.7699248120300752]",MinMaxScaler
67,67,0.7848285922684172,0.7221476510067114,0.8594249201277955,0.7577996715927751,0.5995612740516663,9,Senokosov2024Circuit,0.001,"[0.6908274814486504, 0.6826795649371649, 0.6750694601551482, 0.6678461736362231, 0.6608786504519614, 0.6543927359345713, 0.6479865141997212, 0.641979350659408, 0.6361673056687179, 0.630745608751711, 0.6254628369290578, 0.6204045832549271, 0.6153903932947862, 0.6109509287696135, 0.6065349676891377, 0.6023713138542677]","[0.6868935227394104, 0.6794768571853638, 0.6724722981452942, 0.6657924056053162, 0.6594673991203308, 0.6533478498458862, 0.6475545763969421, 0.6419878602027893, 0.6366897821426392, 0.6316162347793579, 0.6267737746238708, 0.6221325993537903, 0.6177250146865845, 0.6134933233261108, 0.6095000505447388, 0.6056738495826721]","[0.7020316027088036, 0.7406955460646736, 0.7562062380649268, 0.7682030728122913, 0.7702612190221031, 0.7763248451479697, 0.7753673897830651, 0.7792760823278921, 0.7758007117437722, 0.7719799857040743, 0.7758620689655172, 0.7754512635379062, 0.7760115606936416, 0.7741466957153231, 0.7741466957153231, 0.7729257641921398]",MinMaxScaler
68,68,0.7752184273232724,0.7709320695102686,0.7795527156549521,0.7676518883415435,0.5355402231216431,9,Anusha2024Circuit,0.01,"[0.6398856094793269, 0.5767746930451769, 0.5536282380160532, 0.5448744688183069, 0.5420834583867538, 0.540528497707687, 0.5403673550800273, 0.5401188914517039, 0.5392105933278799, 0.539662070964512, 0.5403077695518732, 0.5398285122294175, 0.5390838932638106, 0.5401346126669332, 0.5400620067590162, 0.5401271195395997]","[0.5968881249427795, 0.5613681077957153, 0.5490824580192566, 0.5455785989761353, 0.5435933470726013, 0.5431570410728455, 0.5430315136909485, 0.5432209372520447, 0.5433738231658936, 0.5435652732849121, 0.5431954860687256, 0.5431919097900391, 0.5448166131973267, 0.5431686043739319, 0.543290913105011, 0.543159544467926]","[0.7806354009077155, 0.7796340493237868, 0.7821862348178138, 0.7796340493237868, 0.7821862348178138, 0.7823240589198036, 0.7816843826655765, 0.7819672131147541, 0.7809680065627563, 0.7800161160354553, 0.7813267813267813, 0.7837398373983739, 0.7788944723618091, 0.7820408163265307, 0.7819672131147541, 0.7814029363784666]",MinMaxScaler
69,69,0.772093023255814,0.75,0.7955271565495208,0.7586206896551724,0.564541220664978,9,Anusha2024Circuit,0.001,"[0.6897465892528233, 0.6752258794088113, 0.6624970716473303, 0.6509540933919581, 0.6401387382494775, 0.6304107426028502, 0.6215235783081305, 0.6133673849858736, 0.6056119770203766, 0.599005291728597, 0.5930833520465776, 0.58727191437624, 0.5821382084763363, 0.5777927426327216, 0.5738064781027404, 0.5702430522559505]","[0.6816472411155701, 0.6679319143295288, 0.6556163430213928, 0.644343912601471, 0.634006679058075, 0.6246792078018188, 0.6161347031593323, 0.6084194183349609, 0.6013563871383667, 0.595059335231781, 0.5893601179122925, 0.5841848254203796, 0.579588770866394, 0.5754588842391968, 0.5717822313308716, 0.5685192346572876]","[0.673224043715847, 0.6839080459770115, 0.7120933087783916, 0.7551978537894031, 0.7620357634112792, 0.7795389048991355, 0.7813884785819794, 0.7808946171341926, 0.7786259541984732, 0.7784615384615384, 0.7788983708301008, 0.7800312012480499, 0.7821316614420063, 0.7835703001579779, 0.782608695652174, 0.7790143084260731]",MinMaxScaler
70,70,0.8149882903981265,0.7969465648854962,0.8338658146964856,0.8054187192118226,0.48568734526634216,9,DoubleEntanglementVLCircuit,0.01,"[0.6723259142354915, 0.6349609009921551, 0.6046159102728492, 0.5799956287404424, 0.5607786439359188, 0.5452238771280176, 0.5323961579093808, 0.5220946147057571, 0.5140491714210886, 0.5075043944739982, 0.5023586160846447, 0.49765781303377526, 0.4938211556720106, 0.4918687874941449, 0.4892725672964987, 0.4877812721227345]","[0.654418408870697, 0.6225007772445679, 0.5971511602401733, 0.5780681371688843, 0.5616188049316406, 0.5488983988761902, 0.5386579036712646, 0.530839741230011, 0.5245431065559387, 0.5194386839866638, 0.5154622197151184, 0.5123087763786316, 0.5108311176300049, 0.5080124735832214, 0.5065971612930298, 0.5054673552513123]","[0.8375706214689266, 0.8111782477341389, 0.7965970610982211, 0.8198665678280208, 0.8099924299772899, 0.7854889589905363, 0.7928068803752932, 0.7864460204885737, 0.7864460204885737, 0.7990762124711316, 0.7918622848200313, 0.7965970610982211, 0.7770700636942676, 0.7928068803752932, 0.7918622848200313, 0.7918622848200313]",MinMaxScaler
71,71,0.8218125960061444,0.7914201183431953,0.854632587859425,0.8095238095238095,0.6305765509605408,9,DoubleEntanglementVLCircuit,0.001,"[0.6919967677248152, 0.6874744798007765, 0.6830001181285632, 0.6785935241925088, 0.6742839907345018, 0.6701125606502357, 0.6659063332174954, 0.6618083980130521, 0.6578421682903641, 0.6539112380460689, 0.650094920279164, 0.6462469304862776, 0.6424870389072519, 0.6389396355340355, 0.6353530795558503, 0.631911908521464]","[0.6898418664932251, 0.6855710744857788, 0.681349515914917, 0.6772913336753845, 0.6732543110847473, 0.6692807078361511, 0.6653916835784912, 0.6615780591964722, 0.6578517556190491, 0.6541871428489685, 0.6505979299545288, 0.6470482349395752, 0.6435855627059937, 0.6402297616004944, 0.636925995349884, 0.6336729526519775]","[0.7029758562605278, 0.8100929614873837, 0.8210382513661202, 0.825, 0.8362863217576187, 0.8215339233038348, 0.8194029850746268, 0.8099924299772899, 0.8088012139605463, 0.8091254752851711, 0.8054919908466819, 0.8064024390243902, 0.8064024390243902, 0.8012279355333844, 0.8045801526717558, 0.8021472392638037]",MinMaxScaler
72,72,0.7139588100686499,0.6832116788321168,0.7476038338658147,0.6921182266009852,0.6223020553588867,10,Ranga2024Circuit,0.01,"[0.6880759569375139, 0.6539765243467531, 0.6366957633903152, 0.6287622741962734, 0.624404071977264, 0.6223364914522359, 0.6213119524089914, 0.6206439360976219, 0.6207741036226875, 0.6205108726495191, 0.6204025534618842, 0.6207056561190831, 0.62037377686877, 0.6203485832206512, 0.6206748349297988, 0.620718472784287]","[0.668643057346344, 0.6464022397994995, 0.6362497210502625, 0.6309695839881897, 0.6286652088165283, 0.6281569004058838, 0.6273308992385864, 0.6270933747291565, 0.6278015971183777, 0.6278584599494934, 0.6271357536315918, 0.628096878528595, 0.6275967955589294, 0.6277164220809937, 0.627638041973114, 0.6274064183235168]","[0.7119883040935673, 0.7190839694656489, 0.7125091441111924, 0.7202472952086554, 0.7202472952086554, 0.7164179104477612, 0.7183734939759037, 0.7204301075268817, 0.7159716758457907, 0.7159716758457907, 0.71580547112462, 0.7146245059288537, 0.7143922445935869, 0.7184313725490196, 0.7178683385579937, 0.7209302325581395]",MinMaxScaler
73,73,0.7221396731054978,0.675,0.7763578274760383,0.6929392446633826,0.651028573513031,10,Ranga2024Circuit,0.001,"[0.7097886355691835, 0.7039364139108282, 0.6984606816580421, 0.6933456406389412, 0.6884605447320562, 0.6839069477037379, 0.6795434640034249, 0.6754524590153443, 0.6716383056421029, 0.6679724690161253, 0.664528600871563, 0.6614493715919947, 0.6583468270929236, 0.6554902968438048, 0.6530016927342666, 0.6506196432992032]","[0.7059001922607422, 0.7005980014801025, 0.6956557035446167, 0.6909273862838745, 0.68650221824646, 0.6823181509971619, 0.6783702373504639, 0.6746668815612793, 0.6711695194244385, 0.6678347587585449, 0.664760172367096, 0.6618515253067017, 0.6591557860374451, 0.6566330194473267, 0.65428626537323, 0.652154803276062]","[0.49273447820343463, 0.5337579617834395, 0.6725082146768894, 0.6818941504178273, 0.7015706806282722, 0.7071428571428572, 0.7168141592920354, 0.7129291453615778, 0.7182569496619083, 0.7175226586102719, 0.7183734939759037, 0.7186081694402421, 0.718914845516202, 0.715261958997722, 0.715261958997722, 0.715261958997722]",MinMaxScaler
74,74,0.8819018404907976,0.8480825958702065,0.9185303514376997,0.8735632183908046,0.4021012485027313,10,Senokosov2024Circuit,0.01,"[0.6676732009570849, 0.5506256136455034, 0.4867744967341423, 0.45069671294798974, 0.42958500432340724, 0.4160754442411034, 0.408639259979521, 0.4031039498942463, 0.40005525235870953, 0.39799215404414817, 0.39666828714115054, 0.395748868290531, 0.3950400268168826, 0.39482539328501415, 0.3945071527636365, 0.39385010253049824]","[0.5971755981445312, 0.5133921504020691, 0.4688897430896759, 0.44300052523612976, 0.427851140499115, 0.4189060628414154, 0.41307953000068665, 0.4100363850593567, 0.40783119201660156, 0.4066966772079468, 0.40594735741615295, 0.40567919611930847, 0.40545791387557983, 0.4054456055164337, 0.40547361969947815, 0.4054878354072571]","[0.872954014029618, 0.8764568764568764, 0.8958174904942966, 0.8863287250384024, 0.8888888888888888, 0.8835774865073246, 0.8958174904942966, 0.8939393939393939, 0.8871834228702993, 0.8863287250384024, 0.889739663093415, 0.8888888888888888, 0.8958174904942966, 0.8890589135424637, 0.889739663093415, 0.8916030534351145]",MinMaxScaler
75,75,0.8763523956723338,0.8488023952095808,0.9057507987220448,0.8686371100164204,0.5354301333427429,10,Senokosov2024Circuit,0.001,"[0.7427862837518516, 0.7225275243583479, 0.7047769940997425, 0.6878757678756589, 0.6716691894750846, 0.6563134079701022, 0.6416401059219712, 0.6276301882768932, 0.6142782998320303, 0.6016280843239081, 0.5896433456555793, 0.5781729191933808, 0.567345021978805, 0.5571539521609482, 0.5473926557522071, 0.5381171269048202]","[0.7320263385772705, 0.7133990526199341, 0.696182906627655, 0.6795310974121094, 0.6637452244758606, 0.6487383246421814, 0.6343633532524109, 0.6208102703094482, 0.6078639030456543, 0.5956072807312012, 0.5840546488761902, 0.5730981826782227, 0.562696099281311, 0.5528212785720825, 0.5436083674430847, 0.5348412394523621]","[0.4785992217898833, 0.22032583397982933, 0.0020597322348094747, 0.6789883268482491, 0.7955133735979293, 0.8352553542009885, 0.8436482084690554, 0.866403162055336, 0.861904761904762, 0.866403162055336, 0.8714733542319749, 0.8701095461658842, 0.8720748829953198, 0.8711943793911007, 0.872954014029618, 0.8755832037325039]",MinMaxScaler
76,76,0.6077348066298343,0.6006240249609984,0.6150159744408946,0.5919540229885057,0.6718521118164062,10,Anusha2024Circuit,0.01,"[0.6998752198721233, 0.6842588333314971, 0.6768045127391815, 0.6738724251718897, 0.6721229319901842, 0.6710986251893797, 0.6710826621243828, 0.6704644015745113, 0.6705597337139281, 0.6703972510601345, 0.67057997223578, 0.6704310847348288, 0.6704270329914594, 0.6707033997303561, 0.6704678827602613, 0.6707655401214173]","[0.6892290115356445, 0.6780279874801636, 0.6732418537139893, 0.670377790927887, 0.6688903570175171, 0.6686397790908813, 0.6682997941970825, 0.6677921414375305, 0.667712390422821, 0.6682477593421936, 0.6675181984901428, 0.6681232452392578, 0.6678271293640137, 0.6677961349487305, 0.6676731109619141, 0.6674829125404358]","[0.7211231652839821, 0.5921158487530169, 0.6759388038942976, 0.5716652858326429, 0.6095679012345679, 0.5716652858326429, 0.6498559077809798, 0.6344005956813105, 0.5944223107569722, 0.5637583892617449, 0.6127790608160123, 0.567139282735613, 0.6428571428571429, 0.5854456255110384, 0.5909822866344605, 0.619482496194825]",MinMaxScaler
77,77,0.6164596273291926,0.5996978851963746,0.634185303514377,0.5944170771756979,0.682843804359436,10,Anusha2024Circuit,0.001,"[0.7172094675663271, 0.7065669209941438, 0.7032262018244517, 0.7009855551939261, 0.6988995712446538, 0.6969959902528086, 0.6951199060207919, 0.6933574009882776, 0.6917033997413359, 0.6901683725024524, 0.6887390942949998, 0.6873680076708919, 0.6861081995854252, 0.6849548583360094, 0.6838687030892623, 0.6828804882733446]","[0.7106428742408752, 0.7054082751274109, 0.7027867436408997, 0.7004171013832092, 0.6982818841934204, 0.696230411529541, 0.6942822337150574, 0.6924687027931213, 0.6906776428222656, 0.6890653371810913, 0.6875354647636414, 0.6861211657524109, 0.6847867965698242, 0.6835296750068665, 0.6823952794075012, 0.6813412308692932]","[0.6600467289719626, 0.5771012574454004, 0.5443126308443824, 0.4936990363232024, 0.5072886297376094, 0.5083758193736344, 0.460822342901474, 0.6793066088840737, 0.5973207249802994, 0.5854456255110384, 0.6377025036818851, 0.619482496194825, 0.6408759124087591, 0.6249056603773585, 0.619482496194825, 0.6307116104868914]",MinMaxScaler
78,78,0.849772382397572,0.8092485549132948,0.8945686900958466,0.8374384236453202,0.4070240557193756,10,DoubleEntanglementVLCircuit,0.01,"[0.5572234008853373, 0.46739204296548115, 0.42967439197788115, 0.4122732295409629, 0.40403189916947957, 0.3990961133355373, 0.3969401194174823, 0.3955665359175519, 0.39528333508458574, 0.3949587185327944, 0.3946828130436571, 0.39457504265010357, 0.3942752822155231, 0.3944405714344037, 0.3943999431243068, 0.39424438924087507]","[0.49795830249786377, 0.44423338770866394, 0.42104774713516235, 0.4096941351890564, 0.40416330099105835, 0.4013059437274933, 0.40012410283088684, 0.40001896023750305, 0.3988530933856964, 0.39870643615722656, 0.398653507232666, 0.3986477553844452, 0.3986998498439789, 0.3986552655696869, 0.39868780970573425, 0.3987957537174225]","[0.8436308161708619, 0.8469696969696969, 0.8543543543543544, 0.8472012102874432, 0.8456273764258555, 0.8456273764258555, 0.8545727136431784, 0.8552238805970149, 0.846328538985617, 0.8456273764258555, 0.846095526914329, 0.8438690022848438, 0.8489425981873112, 0.8447488584474886, 0.8472012102874432, 0.8524096385542169]",MinMaxScaler
79,79,0.8493150684931506,0.811046511627907,0.8913738019169329,0.8374384236453202,0.4610368311405182,10,DoubleEntanglementVLCircuit,0.001,"[0.6337664956717115, 0.6099878945632985, 0.5902405802748705, 0.5733307849027609, 0.5583961168794256, 0.545015266753341, 0.5328169718972946, 0.5216585637903527, 0.511392324280582, 0.5020137588052374, 0.49346096039210496, 0.48532084071714626, 0.4779450159127775, 0.47122591430027233, 0.46501970859734637, 0.4591652698030597]","[0.6202206611633301, 0.5986754894256592, 0.5806925892829895, 0.5648055672645569, 0.5507522225379944, 0.5380376577377319, 0.5264280438423157, 0.5158506035804749, 0.5061258673667908, 0.49722737073898315, 0.48908287286758423, 0.48156988620758057, 0.47462645173072815, 0.4682251811027527, 0.462410569190979, 0.45700570940971375]","[0.492622020431328, 0.7197106690777577, 0.7983606557377049, 0.8146380270485283, 0.8250980392156863, 0.8338509316770186, 0.8370656370656371, 0.8446824789594491, 0.8446824789594491, 0.8446824789594491, 0.8436308161708619, 0.8429878048780488, 0.8456273764258555, 0.8456273764258555, 0.8456273764258555, 0.846095526914329]",MinMaxScaler
